gene name,amino acid position,is.modified,modification.type
YML080W,"[2, 25, 169, 391]",1,"['NtAcetylation', 'Acetylation', 'Ubiquitination', 'Acetylation']"
YML081C-A,[38],1,['Ubiquitination']
YML081W,"[124, 270, 518, 523, 527, 545, 563, 603, 619]",1,"['Acetylation', 'Phosphorylation', 'Acetylation', 'Phosphorylation', 'Phosphorylation', 'Acetylation', 'Phosphorylation', 'Phosphorylation', 'Phosphorylation']"
YML082W,"[287, 340, 341, 342]",1,"['Phosphorylation', 'Phosphorylation', 'Phosphorylation', 'Phosphorylation']"
YML083C,[],0,[]
YML085C,"[97, 164, 165, 274, 305, 312, 440]",1,"['Ubiquitination', 'Ubiquitination', 'Ubiquitination', 'Phosphorylation', 'Ubiquitination', 'Ubiquitination', 'Phosphorylation']"
YML086C,"[40, 373, 396, 451, 491, 498, 522, 525]",1,"[' Ubiquitination,Acetylation', 'Ubiquitination', 'Phosphorylation', 'Acetylation', 'Succinylation', 'Ubiquitination', 'Phosphorylation', 'Phosphorylation']"
YML087C,[],0,[]
YML088W,"[180, 423, 436, 511, 514]",1,"['Ubiquitination', 'Phosphorylation', 'Ubiquitination', 'Phosphorylation', 'Phosphorylation']"
YML091C,"[110, 513, 952, 954, 955, 963, 1084]",1,"['Phosphorylation', 'Succinylation', 'Phosphorylation', 'Phosphorylation', 'Phosphorylation', 'Phosphorylation', 'Ubiquitination']"
YML092C,"[6, 13, 17, 29, 51, 53, 88, 107, 108, 112, 166, 168, 172, 177]",1,"['Phosphorylation', 'Phosphorylation', 'Ubiquitination', 'Ubiquitination', 'Phosphorylation', 'Phosphorylation', 'Ubiquitination', 'Phosphorylation', 'Ubiquitination', 'Phosphorylation', 'Ubiquitination', 'Phosphorylation', ' Ubiquitination,Acetylation', 'Ubiquitination']"
YML093W,"[34, 35, 48, 69, 71, 79, 85, 118, 119, 120, 127, 135, 139, 142, 151, 219, 297, 356, 364, 423, 424, 446, 460, 483, 488, 498, 500, 517, 522, 562, 567, 640, 668, 673, 679, 686, 688, 689, 693, 722, 735, 738, 841, 884, 895]",1,"['Phosphorylation', 'Phosphorylation', 'Phosphorylation', 'Phosphorylation', 'Phosphorylation', 'Phosphorylation', 'Phosphorylation', 'Phosphorylation', 'Phosphorylation', 'Phosphorylation', 'Oxidation', 'Oxidation', 'Phosphorylation', 'Phosphorylation', 'Phosphorylation', 'Phosphorylation', 'Acetylation', 'Acetylation', 'Phosphorylation', 'Phosphorylation', 'Phosphorylation', 'Phosphorylation', 'Phosphorylation', 'Oxidation', 'Phosphorylation', 'Phosphorylation', 'Phosphorylation', 'Phosphorylation', 'Phosphorylation', 'Phosphorylation', 'Phosphorylation', 'Phosphorylation', 'Phosphorylation', 'Phosphorylation', 'Phosphorylation', 'Acetylation', 'Phosphorylation', 'Phosphorylation', 'Methylation', 'Phosphorylation', 'Phosphorylation', 'Phosphorylation', 'Acetylation', 'Oxidation', 'Acetylation']"
YML094W,[5],1,['Ubiquitination']
YML095C,[],0,[]
YML096W,[2],1,['ActiveSite']
YML097C,"[11, 28, 33, 54, 68, 211, 244, 357, 375, 387, 393, 399, 402, 403, 437, 448]",1,"['Ubiquitination', 'Ubiquitination', 'Ubiquitination', 'Ubiquitination', 'Ubiquitination', 'Acetylation', 'Ubiquitination', 'Ubiquitination', 'Phosphorylation', 'Ubiquitination', 'Ubiquitination', 'Phosphorylation', 'Ubiquitination', 'Ubiquitination', 'Phosphorylation', 'Phosphorylation']"
YML098W,[131],1,['Phosphorylation']
YML099C,[],0,[]
YML100W,"[49, 53, 56, 71, 73, 75, 77, 79, 111, 113, 115, 129, 135, 137, 138, 147, 155, 157, 161, 191, 192, 194, 195, 216, 229, 247, 251, 253, 263, 266, 283, 288, 303, 307, 336, 337, 452, 640, 713, 761, 815, 913, 923, 930, 1042]",1,"['Phosphorylation', 'Phosphorylation', 'Phosphorylation', 'Phosphorylation', 'Phosphorylation', 'Phosphorylation', 'Phosphorylation', 'Phosphorylation', 'Phosphorylation', 'Phosphorylation', 'Phosphorylation', 'Phosphorylation', 'Phosphorylation', 'Phosphorylation', 'Phosphorylation', 'Phosphorylation', 'Phosphorylation', 'Phosphorylation', 'Phosphorylation', 'Phosphorylation', 'Phosphorylation', 'Phosphorylation', 'Phosphorylation', 'Phosphorylation', 'Phosphorylation', 'Phosphorylation', 'Phosphorylation', 'Phosphorylation', 'Ubiquitination', 'Phosphorylation', 'Phosphorylation', 'Phosphorylation', 'Phosphorylation', 'Oxidation', 'Phosphorylation', 'Phosphorylation', 'Acetylation', 'Phosphorylation', 'Phosphorylation', 'Ubiquitination', 'Phosphorylation', 'Ubiquitination', 'Ubiquitination', 'Acetylation', 'Phosphorylation']"
YML100W-A,[],0,[]
YML101C,"[37, 41, 44, 48, 54, 68]",1,"['Ubiquitination', 'Phosphorylation', 'Phosphorylation', 'Phosphorylation', 'Phosphorylation', 'Phosphorylation']"
YML102W,[38],1,['Ubiquitination']
YML103C,"[232, 237, 337, 340, 406, 1645, 1653]",1,"['Ubiquitination', 'Phosphorylation', 'Phosphorylation', 'Phosphorylation', 'Ubiquitination', 'Ubiquitination', 'Ubiquitination']"
YML104C,"[670, 673, 689, 692, 695, 1066, 1073]",1,"['Phosphorylation', 'Phosphorylation', 'Phosphorylation', 'Phosphorylation', 'Phosphorylation', 'Phosphorylation', 'Phosphorylation']"
YML105C,"[36, 60, 68]",1,"['Phosphorylation', 'Phosphorylation', 'Ubiquitination']"
YML106W,"[28, 110, 173, 213, 214, 225]",1,"['Ubiquitination', 'Acetylation', ' Ubiquitination,Acetylation', 'Phosphorylation', ' Ubiquitination,Acetylation', 'Phosphorylation']"
YML107C,[],0,[]
YML108W,"[2, 3, 18, 21]",1,"['NtAcetylation', 'Ubiquitination', 'Ubiquitination', 'Ubiquitination']"
YML109W,"[50, 73, 76, 167, 172, 304, 305, 306, 315, 454, 518, 598, 619, 647, 648, 691, 715, 716, 730, 840, 880]",1,"['Phosphorylation', 'Phosphorylation', 'Phosphorylation', 'Phosphorylation', 'Phosphorylation', 'Phosphorylation', 'Phosphorylation', 'Phosphorylation', 'Phosphorylation', 'Phosphorylation', 'Phosphorylation', 'Phosphorylation', 'Phosphorylation', 'Phosphorylation', 'Phosphorylation', 'Phosphorylation', 'Phosphorylation', 'Phosphorylation', 'Phosphorylation', 'Phosphorylation', 'Phosphorylation']"
YML110C,"[182, 208, 283]",1,"['Acetylation', 'Acetylation', 'Acetylation']"
YML111W,"[19, 21, 22, 41, 59, 66, 68, 70, 192, 448, 540, 555, 557, 560, 563, 565, 630, 664, 817, 818, 836]",1,"['Phosphorylation', 'Phosphorylation', 'Phosphorylation', 'Phosphorylation', 'Phosphorylation', 'Phosphorylation', 'Phosphorylation', 'Phosphorylation', 'Phosphorylation', 'Phosphorylation', 'Ubiquitination', 'Phosphorylation', 'Phosphorylation', 'Phosphorylation', 'Ubiquitination', 'Oxidation', 'Phosphorylation', 'Phosphorylation', 'Phosphorylation', 'Phosphorylation', 'Phosphorylation']"
YML112W,"[1, 24, 27, 30, 31, 32, 33, 34, 35, 245]",1,"['NtAcetylation', 'Phosphorylation', 'Phosphorylation', 'Phosphorylation', 'Phosphorylation', 'Phosphorylation', 'Phosphorylation', 'Phosphorylation', 'Phosphorylation', 'Phosphorylation']"
YML113W,"[135, 230, 236]",1,"['Acetylation', 'Phosphorylation', 'Phosphorylation']"
YML114C,"[212, 231, 235, 269, 292, 317, 323]",1,"['Phosphorylation', 'Phosphorylation', 'Phosphorylation', 'Phosphorylation', 'Acetylation', 'Phosphorylation', 'Acetylation']"
YML115C,"[14, 21, 25, 29, 104, 215, 251]",1,"['Ubiquitination', 'Phosphorylation', 'Phosphorylation', 'Phosphorylation', 'Ubiquitination', 'Glycosylation', 'Glycosylation']"
YML116W,"[5, 25, 43, 45, 190, 194, 394, 471]",1,"['Phosphorylation', 'Ubiquitination', 'Phosphorylation', 'Phosphorylation', 'Phosphorylation', 'Phosphorylation', 'Glycosylation', 'Glycosylation']"
YML117W,"[2, 148, 445, 448, 449, 458, 464, 467, 614, 881, 941, 976, 989, 991, 992, 993, 1001, 1016, 1017, 1018, 1020, 1057, 1125]",1,"['NtAcetylation', 'Phosphorylation', 'Phosphorylation', 'Phosphorylation', 'Phosphorylation', 'Phosphorylation', 'Phosphorylation', 'Phosphorylation', 'Phosphorylation', 'Phosphorylation', 'Phosphorylation', 'Phosphorylation', 'Phosphorylation', 'Phosphorylation', 'Phosphorylation', 'Phosphorylation', 'Phosphorylation', 'Phosphorylation', 'Phosphorylation', 'Phosphorylation', 'Phosphorylation', 'Phosphorylation', 'Phosphorylation']"
YML118W,"[62, 339]",1,"['Phosphorylation', 'Phosphorylation']"
YML119W,"[2, 4, 8, 61, 63, 72, 176, 178, 280, 310]",1,"['Phosphorylation', 'Phosphorylation', 'Phosphorylation', 'Phosphorylation', 'Phosphorylation', 'Phosphorylation', 'Phosphorylation', 'Phosphorylation', 'Phosphorylation', 'Phosphorylation']"
YML120C,"[27, 28, 239, 418]",1,"['Phosphorylation', 'Phosphorylation', 'Phosphorylation', 'Acetylation']"
YML121W,[],0,[]
YML123C,"[2, 15, 18, 297, 298, 302, 303, 316, 317, 321, 571, 577, 578, 579, 581]",1,"['Phosphorylation', 'Phosphorylation', 'Ubiquitination', 'Ubiquitination', 'Ubiquitination', 'Phosphorylation', 'Phosphorylation', 'Phosphorylation', 'Phosphorylation', 'Phosphorylation', 'Ubiquitination', 'Phosphorylation', 'Phosphorylation', 'Phosphorylation', 'Phosphorylation']"
YML124C,"[61, 164, 165, 440]",1,"['Ubiquitination', 'Ubiquitination', 'Ubiquitination', 'Phosphorylation']"
YML125C,"[157, 164, 292]",1,"['Phosphorylation', 'Ubiquitination', 'Ubiquitination']"
YML126C,"[43, 110, 118, 126, 128, 132, 133, 135, 159, 263, 267, 272, 276, 301, 305, 341, 345, 352, 415, 425, 432, 438, 442, 457, 461]",1,"['Acetylation', ' Succinylation,Acetylation', ' Ubiquitination,Acetylation', 'Phosphorylation', 'Phosphorylation', 'Acetylation', 'Phosphorylation', 'Phosphorylation', 'ActiveSite', ' Ubiquitination, Succinylation,Acetylation', 'Acetylation', 'Ubiquitination', 'Phosphorylation', ' Ubiquitination,Acetylation', ' Ubiquitination,Acetylation', 'Acetylation', 'Acetylation', 'Acetylation', 'Ubiquitination', 'Acetylation', 'Acetylation', 'Phosphorylation', 'Acetylation', 'Succinylation', ' Ubiquitination,Acetylation']"
YML127W,"[44, 110, 434, 513]",1,"['Phosphorylation', 'Ubiquitination', 'Ubiquitination', 'Phosphorylation']"
YML128C,"[68, 137, 237, 243, 394, 472]",1,"['Acetylation', 'Phosphorylation', 'Phosphorylation', 'Phosphorylation', 'Phosphorylation', 'Succinylation']"
YML129C,[43],1,['Ubiquitination']
YML130C,"[21, 35, 53, 90, 100, 105, 130, 143, 150, 166, 295, 342, 349, 352, 355, 425, 458, 468, 491]",1,"['Glycosylation', 'Glycosylation', 'Glycosylation', 'Disulfide', 'Disulfide', 'Disulfide', 'Glycosylation', 'Disulfide', 'Disulfide', 'Disulfide', 'Disulfide', 'Glycosylation', 'Disulfide', ' Disulfide,ActiveSite', ' Disulfide,ActiveSite', 'Glycosylation', 'Glycosylation', 'Glycosylation', 'Glycosylation']"
YML131W,"[346, 360]",1,"['Acetylation', 'Ubiquitination']"
YML132W,"[7, 10, 11, 16, 18, 205]",1,"['Ubiquitination', 'Ubiquitination', 'Phosphorylation', 'Phosphorylation', 'Ubiquitination', 'Ubiquitination']"
YML133C,[1246],1,['Ubiquitination']
YMR001C,"[2, 18, 23, 29, 70, 73, 204, 238, 242, 364, 417, 419, 423, 458]",1,"['Phosphorylation', 'Phosphorylation', 'Phosphorylation', 'Phosphorylation', 'Phosphorylation', 'Phosphorylation', 'ActiveSite', 'Phosphorylation', 'Phosphorylation', 'Phosphorylation', 'Phosphorylation', 'Phosphorylation', 'Phosphorylation', 'Acetylation']"
YMR001C-A,[],0,[]
YMR002W,"[21, 23, 24, 118, 128, 139, 149]",1,"['Phosphorylation', 'Phosphorylation', 'Phosphorylation', 'Disulfide', 'Disulfide', 'Disulfide', 'Disulfide']"
YMR003W,[],0,[]
YMR004W,"[98, 162, 368, 376, 422, 424, 492, 509]",1,"['Ubiquitination', 'Phosphorylation', 'Phosphorylation', 'Phosphorylation', 'Ubiquitination', 'Ubiquitination', 'Acetylation', 'Phosphorylation']"
YMR005W,"[4, 9, 12, 15, 21, 36, 49, 51, 77, 80, 83, 89, 208, 301, 320, 321, 335, 374]",1,"['Phosphorylation', 'Phosphorylation', 'Phosphorylation', 'Phosphorylation', 'Acetylation', 'Phosphorylation', 'Phosphorylation', 'Phosphorylation', 'Acetylation', 'Phosphorylation', 'Phosphorylation', 'Phosphorylation', 'Phosphorylation', 'Phosphorylation', 'Phosphorylation', 'Phosphorylation', 'Acetylation', 'Phosphorylation']"
YMR006C,"[47, 80, 94, 125, 162, 181, 193, 217, 279, 309, 365, 390, 491, 515, 524, 543, 567, 584, 598, 630, 634, 642, 648, 652, 658, 680]",1,"['Glycosylation', 'Glycosylation', 'Glycosylation', 'Glycosylation', 'Glycosylation', 'Glycosylation', 'Glycosylation', 'Glycosylation', 'Glycosylation', 'Glycosylation', 'Glycosylation', 'Glycosylation', 'Glycosylation', 'Glycosylation', 'Glycosylation', 'Glycosylation', 'Glycosylation', 'Glycosylation', 'Glycosylation', 'Glycosylation', 'Glycosylation', 'Glycosylation', 'Glycosylation', 'Glycosylation', 'Glycosylation', 'Lipidation']"
YMR008C,"[26, 33, 52, 78, 92, 123, 160, 170, 215, 277, 307, 345, 388, 459, 489, 491, 506, 513, 541, 565, 582, 634]",1,"['Glycosylation', 'Glycosylation', 'Glycosylation', 'Glycosylation', 'Glycosylation', 'Glycosylation', 'Glycosylation', 'Glycosylation', 'Glycosylation', 'Glycosylation', 'Glycosylation', 'Glycosylation', 'Glycosylation', 'Glycosylation', 'Glycosylation', 'Phosphorylation', 'Phosphorylation', 'Glycosylation', 'Glycosylation', 'Glycosylation', 'Glycosylation', 'Lipidation']"
YMR009W,"[85, 87, 91, 132]",1,"['Metal', 'Metal', 'Metal', 'Metal']"
YMR010W,"[351, 353, 355, 360, 362, 377, 380, 387, 389, 397]",1,"['Phosphorylation', 'Phosphorylation', 'Phosphorylation', 'Phosphorylation', 'Oxidation', 'Ubiquitination', 'Ubiquitination', 'Phosphorylation', 'Phosphorylation', 'Ubiquitination']"
YMR011W,"[11, 13, 16, 17, 20, 21, 26, 29, 32, 36, 82, 94, 309]",1,"['Phosphorylation', 'Phosphorylation', 'Phosphorylation', 'Phosphorylation', 'Phosphorylation', 'Phosphorylation', 'Ubiquitination', 'Phosphorylation', 'Phosphorylation', 'Phosphorylation', 'Glycosylation', 'Ubiquitination', 'Ubiquitination']"
YMR012W,"[5, 96, 97, 106, 269, 301, 311, 369, 490, 498, 542, 546, 632, 712, 740, 766, 772, 818, 820, 887, 938, 940, 950, 1027, 1030, 1162, 1218, 1219, 1247]",1,"['Succinylation', 'Ubiquitination', 'Phosphorylation', 'Acetylation', 'Ubiquitination', 'Acetylation', 'Acetylation', 'Ubiquitination', 'Phosphorylation', 'Phosphorylation', 'Phosphorylation', 'Acetylation', 'Acetylation', 'Acetylation', 'Succinylation', ' Ubiquitination,Acetylation', 'Ubiquitination', 'Phosphorylation', 'Phosphorylation', 'Ubiquitination', 'Phosphorylation', 'Succinylation', 'Acetylation', 'Phosphorylation', 'Phosphorylation', 'Acetylation', 'Phosphorylation', 'Phosphorylation', 'Phosphorylation']"
YMR013C,[18],1,['Ubiquitination']
YMR014W,"[28, 53, 78, 243, 251, 255, 257, 283, 284, 285, 365, 366, 367, 371, 375, 468]",1,"['Acetylation', 'Acetylation', 'Acetylation', 'Phosphorylation', 'Phosphorylation', 'Phosphorylation', 'Phosphorylation', 'Phosphorylation', 'Phosphorylation', 'Phosphorylation', 'Phosphorylation', 'Phosphorylation', 'Phosphorylation', 'Phosphorylation', 'Phosphorylation', 'Phosphorylation']"
YMR015C,"[97, 113, 126, 135, 192, 198, 266, 273, 283, 291, 301, 303, 307, 385, 387, 394, 412, 417, 458, 476, 519]",1,"['Ubiquitination', 'Ubiquitination', 'Ubiquitination', 'Ubiquitination', 'Ubiquitination', 'Ubiquitination', 'Ubiquitination', 'Ubiquitination', 'Ubiquitination', 'Ubiquitination', 'Ubiquitination', 'Oxidation', 'Ubiquitination', 'Ubiquitination', 'Ubiquitination', 'Ubiquitination', 'Ubiquitination', 'Phosphorylation', 'Ubiquitination', 'Metal', 'Ubiquitination']"
YMR016C,"[234, 250, 291, 295, 297, 531, 532, 533, 537, 539, 632, 696, 718, 719, 733, 743, 749, 771, 780]",1,"['Acetylation', 'Phosphorylation', 'Phosphorylation', 'Phosphorylation', 'Phosphorylation', 'Phosphorylation', 'Phosphorylation', 'Phosphorylation', 'Phosphorylation', 'Phosphorylation', 'Phosphorylation', 'Acetylation', 'Phosphorylation', 'Phosphorylation', 'Acetylation', 'Phosphorylation', 'Phosphorylation', 'Phosphorylation', 'Phosphorylation']"
YMR017W,"[300, 302]",1,"['Phosphorylation', 'Phosphorylation']"
YMR018W,"[360, 363, 364, 449, 450]",1,"['Phosphorylation', 'Phosphorylation', 'Phosphorylation', 'Acetylation', 'Oxidation']"
YMR019W,"[57, 70, 73, 260, 275, 583, 901]",1,"['Phosphorylation', 'Phosphorylation', 'Phosphorylation', 'Phosphorylation', 'Phosphorylation', 'Phosphorylation', 'Phosphorylation']"
YMR020W,[],0,[]
YMR021C,"[11, 14, 23, 25, 40, 133, 139, 143]",1,"['Metal', 'Metal', 'Metal', 'Metal', 'Phosphorylation', 'Phosphorylation', 'Phosphorylation', 'Phosphorylation']"
YMR022W,"[62, 89, 161]",1,"['Ubiquitination', 'ActiveSite', ' Ubiquitination,Acetylation']"
YMR023C,[],0,[]
YMR024W,"[148, 158, 327]",1,"['Acetylation', 'Oxidation', 'Phosphorylation']"
YMR025W,[],0,[]
YMR026C,[2],1,['NtAcetylation']
YMR027W,"[2, 9, 48, 94, 219, 371, 423]",1,"['Phosphorylation', 'Phosphorylation', 'Acetylation', 'Acetylation', 'Phosphorylation', 'Acetylation', 'Ubiquitination']"
YMR028W,"[251, 282, 305]",1,"['Phosphorylation', 'Phosphorylation', 'Phosphorylation']"
YMR029C,"[69, 115, 132, 163, 165, 167, 169]",1,"['Phosphorylation', 'Phosphorylation', 'Phosphorylation', 'Phosphorylation', 'Phosphorylation', 'Phosphorylation', 'Phosphorylation']"
YMR030W,"[40, 73, 86]",1,"['Phosphorylation', 'Phosphorylation', 'Phosphorylation']"
YMR030W-A,[4],1,['Glycosylation']
YMR031C,"[2, 5, 18, 19, 23, 25, 26, 27, 30, 31, 50, 56, 72, 88, 100, 130, 132, 133, 135, 136, 139, 142, 151, 161, 166, 167, 168, 170, 171, 175, 177, 178, 179, 181, 182, 184, 185, 188, 191, 193, 196, 230, 249, 266, 272, 359, 367, 397, 401, 431, 432, 441, 444, 448, 495, 582, 584, 586, 594, 613, 616, 630, 636, 643, 649, 656, 669, 677, 681, 695, 701, 709, 710, 713, 720, 733, 741, 744, 756, 759, 761, 762, 763, 767, 768, 775, 791, 803, 809, 813, 816, 820, 822, 825, 828, 829, 838]",1,"[' NtAcetylation,Phosphorylation', 'Phosphorylation', 'Phosphorylation', 'Phosphorylation', 'Phosphorylation', 'Phosphorylation', 'Phosphorylation', 'Phosphorylation', 'Phosphorylation', 'Phosphorylation', 'Phosphorylation', 'Phosphorylation', 'Phosphorylation', 'Phosphorylation', 'Phosphorylation', 'Phosphorylation', 'Phosphorylation', 'Phosphorylation', 'Phosphorylation', 'Phosphorylation', 'Phosphorylation', 'Phosphorylation', 'Phosphorylation', 'Phosphorylation', 'Phosphorylation', 'Phosphorylation', 'Phosphorylation', 'Phosphorylation', 'Phosphorylation', 'Phosphorylation', 'Phosphorylation', 'Phosphorylation', 'Phosphorylation', 'Phosphorylation', 'Phosphorylation', 'Phosphorylation', 'Phosphorylation', 'Phosphorylation', 'Phosphorylation', 'Phosphorylation', 'Phosphorylation', 'Ubiquitination', 'Phosphorylation', ' Ubiquitination,Acetylation', 'Acetylation', 'Ubiquitination', 'Phosphorylation', 'Phosphorylation', 'Phosphorylation', 'Phosphorylation', 'Phosphorylation', 'Phosphorylation', 'Phosphorylation', 'Ubiquitination', 'Phosphorylation', 'Ubiquitination', 'Phosphorylation', 'Phosphorylation', 'Ubiquitination', 'Phosphorylation', 'Phosphorylation', 'Ubiquitination', 'Phosphorylation', 'Ubiquitination', 'Phosphorylation', 'Phosphorylation', 'Ubiquitination', 'Ubiquitination', 'Phosphorylation', 'Ubiquitination', 'Phosphorylation', 'Ubiquitination', 'Phosphorylation', 'Ubiquitination', 'Phosphorylation', 'Ubiquitination', 'Phosphorylation', 'Phosphorylation', 'Ubiquitination', 'Phosphorylation', 'Phosphorylation', 'Phosphorylation', 'Phosphorylation', 'Phosphorylation', 'Ubiquitination', 'Phosphorylation', 'Phosphorylation', 'Ubiquitination', 'Phosphorylation', 'Phosphorylation', 'Phosphorylation', 'Phosphorylation', 'Phosphorylation', 'Phosphorylation', 'Phosphorylation', 'Phosphorylation', 'Phosphorylation']"
YMR032W,"[286, 313, 314, 337, 366, 369, 370, 421, 423, 424, 426, 429, 444, 447, 467, 478, 480, 516, 517, 563]",1,"['Phosphorylation', 'Phosphorylation', 'Phosphorylation', 'Phosphorylation', 'Phosphorylation', 'Phosphorylation', 'Phosphorylation', 'Phosphorylation', 'Phosphorylation', 'Phosphorylation', 'Phosphorylation', 'Phosphorylation', 'Phosphorylation', 'Phosphorylation', 'Ubiquitination', 'Phosphorylation', 'Phosphorylation', 'Phosphorylation', 'Phosphorylation', 'Phosphorylation']"
YMR033W,"[386, 388, 444]",1,"['Acetylation', 'Oxidation', 'Acetylation']"
YMR034C,"[414, 422, 425]",1,"['Phosphorylation', 'Phosphorylation', 'Phosphorylation']"
YMR035W,"[41, 91]",1,"['ActiveSite', 'ActiveSite']"
YMR036C,"[26, 27, 82, 126, 144, 205, 207, 320, 382, 406, 409, 412, 415, 417, 429, 459, 464, 466, 517, 531]",1,"['Acetylation', 'Phosphorylation', 'Phosphorylation', 'Phosphorylation', 'Phosphorylation', 'Phosphorylation', 'Phosphorylation', 'ActiveSite', 'Phosphorylation', 'Ubiquitination', 'Phosphorylation', 'Ubiquitination', 'Phosphorylation', 'Phosphorylation', 'Phosphorylation', 'Phosphorylation', 'Phosphorylation', 'Phosphorylation', 'Phosphorylation', 'Phosphorylation']"
YMR037C,"[194, 201, 288, 304, 306, 308, 427, 428, 432, 451, 499, 582, 620, 625, 626, 627, 629, 632, 633]",1,"['Phosphorylation', 'Phosphorylation', 'Phosphorylation', 'Phosphorylation', 'Phosphorylation', 'Phosphorylation', 'Phosphorylation', 'Phosphorylation', 'Phosphorylation', 'Phosphorylation', 'Phosphorylation', 'Phosphorylation', 'Phosphorylation', 'Phosphorylation', 'Oxidation', 'Phosphorylation', 'Phosphorylation', 'Phosphorylation', 'Phosphorylation']"
YMR038C,"[16, 17, 20, 27, 64, 66, 75, 141, 167, 173, 195, 204, 205, 207, 226, 229, 231, 241, 249]",1,"['Metal', 'Metal', 'Metal', 'Disulfide', 'Disulfide', 'Ubiquitination', 'Ubiquitination', 'Ubiquitination', 'Ubiquitination', 'Ubiquitination', 'Phosphorylation', 'Phosphorylation', 'Phosphorylation', 'Ubiquitination', 'Ubiquitination', ' Disulfide,Metal', 'Metal', 'Ubiquitination', 'Ubiquitination']"
YMR039C,"[112, 119, 123, 131, 263, 268, 269, 276, 281, 289]",1,"['Phosphorylation', 'Phosphorylation', 'Phosphorylation', 'Phosphorylation', 'Phosphorylation', 'Phosphorylation', 'Phosphorylation', 'Phosphorylation', 'Oxidation', 'Phosphorylation']"
YMR040W,[],0,[]
YMR041C,"[58, 263]",1,"['ActiveSite', 'Phosphorylation']"
YMR042W,"[8, 11, 73, 161, 168, 174]",1,"['Phosphorylation', 'Phosphorylation', 'Phosphorylation', 'Phosphorylation', 'Phosphorylation', 'Phosphorylation']"
YMR043W,"[2, 8, 144]",1,"['Phosphorylation', 'Phosphorylation', 'Phosphorylation']"
YMR044W,"[65, 73, 96, 100, 242, 463]",1,"['Phosphorylation', 'Phosphorylation', 'Phosphorylation', 'Acetylation', 'Phosphorylation', 'Phosphorylation']"
YMR045C,"[47, 48, 52, 56, 57, 60, 61, 71, 162, 249, 250, 322, 409, 461, 671, 736, 748, 956, 957, 960, 962, 964, 995, 1005, 1006, 1010, 1014, 1055, 1059, 1098, 1159, 1161, 1162, 1181, 1256, 1346, 1427, 1428, 1482, 1538, 1610, 1652, 1685, 1752]",1,"['Phosphorylation', 'Phosphorylation', 'Phosphorylation', 'Phosphorylation', 'Phosphorylation', 'Phosphorylation', 'Phosphorylation', 'Phosphorylation', 'Oxidation', 'Oxidation', 'Acetylation', 'Acetylation', 'Phosphorylation', 'ActiveSite', 'Metal', 'Metal', 'Acetylation', 'Phosphorylation', 'Acetylation', 'Phosphorylation', 'Phosphorylation', 'Phosphorylation', 'Phosphorylation', 'Phosphorylation', 'Phosphorylation', 'Phosphorylation', 'Phosphorylation', 'Phosphorylation', 'Phosphorylation', 'Phosphorylation', 'Phosphorylation', 'Phosphorylation', 'Phosphorylation', 'Phosphorylation', 'Acetylation', 'Metal', 'Metal', 'Metal', 'Acetylation', 'Acetylation', 'Metal', 'Metal', 'Metal', 'Acetylation']"
YMR046C,"[48, 57, 162, 249, 250, 322, 409, 439]",1,"['Phosphorylation', 'Phosphorylation', 'Oxidation', 'Oxidation', 'Acetylation', 'Acetylation', 'Phosphorylation', 'Phosphorylation']"
YMR047C,"[816, 886, 921, 947]",1,"['Phosphorylation', 'Phosphorylation', 'Phosphorylation', 'Phosphorylation']"
YMR048W,[156],1,['Phosphorylation']
YMR049C,"[20, 23, 72, 76, 97, 98, 101, 127, 173, 212, 217, 347, 370, 411, 418, 544, 563, 581, 714, 771]",1,"['Phosphorylation', 'Phosphorylation', 'Phosphorylation', 'Phosphorylation', 'Phosphorylation', 'Phosphorylation', 'Phosphorylation', ' Ubiquitination,Acetylation', 'Phosphorylation', 'Phosphorylation', 'Phosphorylation', 'Phosphorylation', 'Acetylation', 'Phosphorylation', 'Phosphorylation', 'Ubiquitination', 'Phosphorylation', 'Methylation', 'Phosphorylation', 'Phosphorylation']"
YMR050C,"[36, 45, 47, 71, 167, 177, 190, 207, 249, 250, 254, 322, 373, 374, 375, 377, 379, 405, 409, 411, 416, 422, 461, 671, 736, 748, 956, 957, 960, 962, 964, 995, 1004, 1005, 1006, 1010, 1014, 1020, 1051, 1053, 1055, 1081, 1093, 1095, 1159, 1161, 1162, 1181, 1346, 1427, 1428, 1482, 1538, 1610, 1652, 1685, 1752]",1,"['Phosphorylation', 'Acetylation', 'Phosphorylation', 'Phosphorylation', 'Acetylation', 'Phosphorylation', 'Acetylation', 'Acetylation', 'Oxidation', 'Acetylation', 'Acetylation', 'Acetylation', 'Phosphorylation', 'Phosphorylation', 'Phosphorylation', 'Phosphorylation', 'Acetylation', 'Phosphorylation', 'Phosphorylation', 'Phosphorylation', 'Phosphorylation', 'Phosphorylation', 'ActiveSite', 'Metal', 'Metal', 'Acetylation', 'Phosphorylation', 'Acetylation', 'Phosphorylation', 'Phosphorylation', 'Phosphorylation', 'Phosphorylation', 'Phosphorylation', 'Phosphorylation', 'Phosphorylation', 'Phosphorylation', 'Phosphorylation', 'Oxidation', 'Phosphorylation', 'Phosphorylation', 'Phosphorylation', 'Phosphorylation', 'Phosphorylation', 'Phosphorylation', 'Phosphorylation', 'Phosphorylation', 'Phosphorylation', 'Phosphorylation', 'Metal', 'Metal', 'Metal', 'Acetylation', 'Acetylation', 'Metal', 'Metal', 'Metal', 'Acetylation']"
YMR051C,"[36, 38, 45, 47, 48, 71, 167, 177, 190, 207, 249, 250, 322, 368, 373, 374, 375, 377, 379, 405, 409, 411, 412, 416, 420, 422, 439]",1,"['Phosphorylation', 'Phosphorylation', 'Acetylation', 'Phosphorylation', 'Phosphorylation', 'Phosphorylation', 'Acetylation', 'Phosphorylation', 'Acetylation', 'Acetylation', 'Oxidation', 'Acetylation', 'Acetylation', 'Succinylation', 'Phosphorylation', 'Phosphorylation', 'Phosphorylation', 'Phosphorylation', ' Succinylation,Acetylation', 'Phosphorylation', 'Phosphorylation', 'Phosphorylation', 'Phosphorylation', 'Phosphorylation', 'Phosphorylation', 'Phosphorylation', 'Phosphorylation']"
YMR052W,"[52, 69, 141, 146, 148]",1,"['Phosphorylation', 'Phosphorylation', 'Phosphorylation', 'Phosphorylation', 'Phosphorylation']"
YMR053C,"[28, 541, 544, 547, 548, 594, 625, 680, 684, 685]",1,"['Phosphorylation', 'Phosphorylation', 'Phosphorylation', 'Phosphorylation', 'Phosphorylation', 'Phosphorylation', 'Phosphorylation', 'Phosphorylation', 'Phosphorylation', 'Phosphorylation']"
YMR054W,"[1, 172, 189, 198, 202, 219, 223, 228, 551]",1,"['NtAcetylation', 'Phosphorylation', 'Phosphorylation', 'Phosphorylation', 'Phosphorylation', 'Phosphorylation', 'Phosphorylation', 'Phosphorylation', 'Phosphorylation']"
YMR055C,"[37, 256]",1,"['Ubiquitination', 'Ubiquitination']"
YMR056C,"[98, 169]",1,"['Acetylation', ' Succinylation,Acetylation']"
YMR058W,"[27, 74, 77, 81, 83, 88, 113, 126, 128, 194, 198, 244, 265, 292, 300, 359, 381, 413, 416, 418, 483, 484, 485, 489, 622, 623, 625]",1,"['Glycosylation', 'Glycosylation', 'Glycosylation', 'Metal', 'Metal', 'Glycosylation', 'Glycosylation', 'Metal', 'Metal', 'Glycosylation', 'Glycosylation', 'Glycosylation', 'Glycosylation', 'Glycosylation', 'Glycosylation', 'Glycosylation', 'Glycosylation', 'Metal', 'Metal', 'Metal', 'Metal', 'Metal', 'Metal', 'Metal', 'Phosphorylation', 'Phosphorylation', 'Ubiquitination']"
YMR059W,[],0,[]
YMR060C,[],0,[]
YMR061W,"[2, 5, 6, 117, 407, 478, 485]",1,"['Phosphorylation', 'Phosphorylation', 'Phosphorylation', 'NtAcetylation', 'Ubiquitination', 'Phosphorylation', 'Phosphorylation']"
YMR062C,"[24, 90, 111, 124, 147, 154, 173, 190, 215, 233, 234, 276, 282, 355, 360]",1,"['Acetylation', 'Acetylation', 'Oxidation', 'Acetylation', 'Acetylation', 'Acetylation', 'Ubiquitination', 'Acetylation', 'ActiveSite', 'Acetylation', 'Oxidation', ' Succinylation,Acetylation', 'Acetylation', 'Acetylation', ' Succinylation,Acetylation']"
YMR063W,[222],1,['Phosphorylation']
YMR064W,[],0,[]
YMR065W,"[159, 206, 313, 404]",1,"['Glycosylation', 'Glycosylation', 'Glycosylation', 'Glycosylation']"
YMR066W,[],0,[]
YMR067C,"[264, 344, 381, 384, 398, 399]",1,"['Phosphorylation', 'Phosphorylation', 'Phosphorylation', 'Phosphorylation', 'Phosphorylation', 'Phosphorylation']"
YMR068W,"[6, 273, 290, 298, 299, 305, 310, 315, 330, 332, 333, 350]",1,"['Phosphorylation', 'Phosphorylation', 'Phosphorylation', 'Phosphorylation', 'Phosphorylation', 'Phosphorylation', 'Phosphorylation', 'Phosphorylation', 'Phosphorylation', 'Phosphorylation', 'Phosphorylation', 'Phosphorylation']"
YMR069W,"[251, 256]",1,"['Phosphorylation', 'Phosphorylation']"
YMR070W,"[1, 474]",1,"['NtAcetylation', 'Acetylation']"
YMR071C,"[22, 146, 150, 153]",1,"['Glycosylation', 'Phosphorylation', 'Ubiquitination', 'Phosphorylation']"
YMR072W,"[59, 63, 75, 80, 132, 141, 147, 148, 153, 162, 164]",1,"['Phosphorylation', 'Acetylation', 'Acetylation', 'Acetylation', 'Phosphorylation', 'Acetylation', 'Oxidation', 'Acetylation', 'Acetylation', 'Succinylation', 'Acetylation']"
YMR073C,"[118, 158, 182]",1,"['Ubiquitination', 'Metal', 'Metal']"
YMR074C,"[1, 17, 112, 121, 126, 129]",1,"['NtAcetylation', 'Ubiquitination', 'Acetylation', 'Phosphorylation', 'Phosphorylation', 'Ubiquitination']"
YMR075W,"[1, 11, 13, 19, 29, 30, 41, 49, 64, 68, 95, 157, 214, 227, 245, 373, 378, 394, 397, 546, 683]",1,"['NtAcetylation', 'Phosphorylation', 'Phosphorylation', 'Phosphorylation', 'Phosphorylation', 'Phosphorylation', 'Phosphorylation', 'Acetylation', 'Acetylation', 'Phosphorylation', 'Acetylation', 'Acetylation', 'Phosphorylation', 'Acetylation', 'Acetylation', 'Phosphorylation', 'Acetylation', 'Phosphorylation', 'Acetylation', 'Phosphorylation', 'Phosphorylation']"
YMR076C,"[538, 1097, 1102, 1187, 1231, 1233, 1239]",1,"['Phosphorylation', 'Acetylation', 'Acetylation', 'Phosphorylation', 'Phosphorylation', 'Phosphorylation', 'Phosphorylation']"
YMR077C,"[2, 43, 184, 200, 211, 213, 214]",1,"['Lipidation', 'Phosphorylation', 'Phosphorylation', 'Ubiquitination', 'Phosphorylation', 'Phosphorylation', 'Ubiquitination']"
YMR078C,"[104, 669, 674, 676, 677, 703]",1,"['Phosphorylation', 'Phosphorylation', 'Phosphorylation', 'Phosphorylation', 'Phosphorylation', 'Phosphorylation']"
YMR079W,"[7, 42, 66, 84, 90, 100, 105, 136, 145, 229, 238, 247, 249, 253, 267, 274, 302, 304]",1,"['Ubiquitination', 'Ubiquitination', 'Acetylation', 'Ubiquitination', 'Phosphorylation', 'Acetylation', 'Acetylation', 'Acetylation', 'Ubiquitination', 'Acetylation', 'Phosphorylation', 'Phosphorylation', ' Ubiquitination,Acetylation', 'Acetylation', 'Acetylation', 'Ubiquitination', 'Phosphorylation', 'Ubiquitination']"
YMR080C,"[54, 56, 196, 199, 471, 722, 761, 869, 924, 926, 943, 947]",1,"['Phosphorylation', 'Phosphorylation', 'Phosphorylation', 'Phosphorylation', 'Acetylation', 'Ubiquitination', 'Phosphorylation', 'Phosphorylation', 'Phosphorylation', 'Ubiquitination', 'Phosphorylation', 'Phosphorylation']"
YMR081C,"[119, 127, 130, 134, 135, 156, 157, 233, 265, 276, 280, 284, 335]",1,"['Phosphorylation', 'Phosphorylation', 'Phosphorylation', 'Phosphorylation', 'Phosphorylation', 'Phosphorylation', 'Phosphorylation', 'Phosphorylation', 'Phosphorylation', 'Phosphorylation', 'Phosphorylation', 'Phosphorylation', 'Phosphorylation']"
YMR083W,"[43, 49, 57, 71, 94, 111, 125, 128, 131, 139, 181, 234, 310, 319, 342, 346, 355, 360, 362]",1,"['Acetylation', ' Succinylation,Acetylation', 'Acetylation', 'Metal', 'Metal', 'Acetylation', 'Metal', 'Metal', 'Metal', 'Metal', 'Metal', 'Acetylation', 'Phosphorylation', 'Succinylation', 'Ubiquitination', 'Acetylation', 'Acetylation', 'Oxidation', ' Ubiquitination,Acetylation']"
YMR084W,[2],1,['ActiveSite']
YMR085W,[],0,[]
YMR086W,"[46, 48, 62, 63, 65, 66, 68, 69, 71, 85, 94, 97, 116, 117, 118, 127, 131, 215, 217, 220, 228, 235, 238, 241, 246, 247, 248, 301, 302, 304, 306, 310, 316, 318, 319, 324, 328, 339, 352, 424, 430, 434, 447, 449, 450, 452, 458, 459, 461, 467, 537, 578, 602, 628, 630, 645, 654, 656, 658, 669, 675, 685, 689, 691, 711, 731, 739, 751, 752, 758, 761, 816, 818, 822, 855, 870, 875, 879, 880, 881, 895, 898, 903, 909, 914, 923]",1,"['Phosphorylation', 'Phosphorylation', 'Phosphorylation', 'Phosphorylation', 'Phosphorylation', 'Phosphorylation', 'Phosphorylation', 'Phosphorylation', 'Phosphorylation', 'Phosphorylation', 'Ubiquitination', 'Phosphorylation', 'Phosphorylation', 'Phosphorylation', 'Phosphorylation', 'Phosphorylation', 'Phosphorylation', 'Phosphorylation', 'Phosphorylation', 'Phosphorylation', 'Phosphorylation', 'Phosphorylation', 'Phosphorylation', 'Phosphorylation', 'Phosphorylation', 'Phosphorylation', 'Phosphorylation', 'Phosphorylation', 'Phosphorylation', 'Phosphorylation', 'Phosphorylation', 'Phosphorylation', 'Ubiquitination', 'Phosphorylation', 'Phosphorylation', 'Ubiquitination', 'Phosphorylation', 'Phosphorylation', 'Phosphorylation', 'Phosphorylation', 'Phosphorylation', 'Phosphorylation', 'Phosphorylation', 'Phosphorylation', 'Phosphorylation', 'Phosphorylation', 'Ubiquitination', 'Phosphorylation', 'Phosphorylation', 'Phosphorylation', 'Phosphorylation', 'Phosphorylation', 'Phosphorylation', 'Phosphorylation', 'Phosphorylation', 'Phosphorylation', 'Phosphorylation', 'Phosphorylation', 'Phosphorylation', 'Phosphorylation', 'Phosphorylation', 'Phosphorylation', 'Phosphorylation', 'Phosphorylation', 'Ubiquitination', 'Ubiquitination', 'Phosphorylation', 'Phosphorylation', 'Phosphorylation', 'Phosphorylation', 'Phosphorylation', 'Phosphorylation', 'Phosphorylation', 'Phosphorylation', 'Phosphorylation', 'Phosphorylation', 'Phosphorylation', 'Phosphorylation', 'Phosphorylation', 'Phosphorylation', 'Phosphorylation', 'Phosphorylation', 'Phosphorylation', 'Ubiquitination', 'Phosphorylation', 'Phosphorylation']"
