Amino Acid,Human Codons,Yeast Codons
S,"['CAA', 'CAA', 'GCA', 'AGA', 'CTG', 'GCC', 'GGC', 'AGC', 'CGG', 'GCC', 'GCA', 'GCG', 'GGA', 'TGG', 'TAA', 'CGG', 'ATC', 'TGC', 'CGC', 'TAA', 'AAG', 'ATA', 'ACG', 'CCA', 'GGT', 'ATC', 'ACC', 'AGG', 'GAG', 'TCA', 'CTT', 'ATT', 'TAC', 'TCA', 'CTT', 'CTC', 'TGC', 'TGC', 'CTG', 'GGG', 'CGG', 'GAT', 'ATT', 'GCC', 'GGT', 'TGG', 'TGG', 'CGG', 'TGG', 'CGG', 'TAT', 'AGT', 'CAC', 'AAG', 'CCA', 'TTG', 'TAC', 'CCA', 'CAA', 'AGT', 'TAA', 'CTG', 'GAG', 'TAT', 'ATT', 'CAG', 'ATC', 'AAC', 'AAT', 'GGA', 'AGA', 'TCG', 'GGA', 'GAA', 'GAA', 'TTG', 'TCT', 'TTT', 'AGC', 'GCC', 'GGA', 'GGA', 'TCG', 'CCC', 'TTC', 'ATT', 'AAG', 'CTC', 'CTT', 'CTT', 'TCC', 'ACC', 'GCG', 'AGT', 'GCC', 'GCG', 'TGG', 'TGC', 'CGG', 'TCC', 'GAA', 'ACG', 'CAG', 'CTG', 'TTG', 'CGC', 'AAC', 'GCA', 'CTG', 'CCA', 'CTT', 'GCC', 'GCC', 'GCT', 'CCT', 'GTG', 'TGG', 'CTC', 'CTA', 'CCC', 'AAG', 'CAA', 'ATA', 'GCT', 'CAT', 'TGG', 'GGA', 'CAA', 'ACA', 'TGA', 'GTG', 'GCG', 'ATG', 'TGA', 'GAG', 'GAG', 'CCA', 'TGC', 'CAA', 'AGT', 'GGA', 'GCC', 'TGG', 'GTC', 'CCT', 'CCC', 'CAG', 'CGC', 'CAT', 'GCC', 'ATG', 'TGA', 'CAG', 'AGT', 'GGG', 'TGC', 'GAA', 'CCG', 'ACC', 'ACC', 'TTG', 'GGC', 'GTG', 'CCA', 'ATT', 'GCT', 'GCC', 'AAC', 'TGA', 'CTT', 'CGG', 'AGA', 'TGT', 'GTC', 'CCC', 'CAA', 'ACA', 'ATT', 'GAC', 'TTC', 'CTA', 'AGT', 'TGC', 'GCA', 'AGG', 'GGG', 'GAA', 'ACA', 'AGC', 'CAG', 'ACC', 'CAG', 'GGC', 'CGC', 'CAA', 'AGT', 'TAC', 'ATC', 'CAT', 'TCC', 'GAG', 'GAC', 'CAA', 'TGG', 'GTG', 'GAT', 'CGC', 'CAT', 'TTG', 'ACT', 'TTG', 'GCG', 'TTT', 'TCC', 'CAC', 'CCC', 'CAA', 'AGC', 'CCA', 'AGT', 'TGA', 'CCT', 'TTC', 'CAC', 'CTG', 'GCA', 'AGA', 'CCG', 'GGC', 'CTA', 'TAA', 'AGG', 'GTG', 'GAA', 'ACG', 'GGC', 'ACA', 'GTG', 'TGA', 'GAC', 'CAT', 'TTG', 'TTA', 'ATC', 'CTT', 'CAA', 'CAG', 'CAA', 'CTC', 'CTG', 'GCA', 'CAA', 'AAA', 'ATG', 'TCC', 'CAT', 'TGA', 'ATG', 'TGG', 'TCG', 'CCG', 'CGC', 'CAT', 'TTC', 'CTC', 'TCC', 'CCA', 'ATG', 'GTC', 'TTT', 'TCG', 'GCT', 'TTG', 'TGA', 'TAG', 'GTG', 'ACA', 'CTC', 'CGT', 'CAA', 'TGC', 'GAC', 'ACG', 'GGG', 'TGA', 'GAT', 'TTG', 'ACC', 'TGC', 'ACA', 'GTC', 'CTG', 'GAG', 'CGC', 'GAG', 'AGA', 'GAT', 'CCA', 'GAG', 'CTG', 'CCA', 'TGG', 'TCC', 'CGC', 'ACC', 'TAG', 'CGA', 'AAA', 'CTT', 'CAC', 'CAC', 'CGC', 'TTC', 'CCG', 'GGC', 'AAG', 'AGA', 'GAA', 'TGG', 'ATC', 'AAA', 'CGT', 'AAG']","['TGT', 'CAA', 'AAG', 'TTC', 'AGA', 'AGG', 'CAA', 'CAA', 'AGT', 'CCA', 'CAA', 'CGC', 'GCC', 'TAC', 'GGT', 'ACT', 'TGT', 'GTC', 'TCT', 'TAA', 'TGC', 'CTA', 'GAT', 'AAA', 'ACC', 'AGC', 'ATC', 'GGC', 'GCA', 'TCC', 'TAA', 'TCA', 'CAT', 'CTG', 'AGA', 'AAA', 'TCT', 'AAG', 'GGG', 'GGC', 'GTT', 'GAT', 'GTA', 'ATC', 'GGT', 'GTG', 'CTC', 'CAA', 'ACA', 'GTT', 'ACA', 'GTT', 'TAA', 'TAA', 'TGT', 'CGG', 'TCA', 'TCC', 'AAA', 'TGT', 'TTG', 'AGA', 'ATG', 'TTA', 'AGT', 'TTG', 'ATT', 'TTC', 'GAG', 'TCT', 'GGT', 'TTT', 'TCG', 'GAG', 'ATT', 'TGC', 'TAT', 'ACT', 'GTT', 'CAC', 'AAA', 'AAA', 'CCA', 'TTT', 'TGT', 'TTG', 'CGT', 'CAA', 'ATT', 'TTT', 'GGA', 'AGT', 'TTA', 'GGA', 'GAC', 'GTG', 'CTC', 'TCT', 'CCC', 'GGT', 'GAC', 'GAT', 'AAA', 'AGG', 'TGA', 'TGT', 'CAT', 'TAG', 'TTT', 'ATG', 'AAT', 'CTG', 'GCA', 'TGA', 'TAA', 'ACA', 'GCA', 'ACT', 'CAG', 'GTC', 'GAT', 'CTA', 'CTC', 'GAG', 'GGT', 'GCC', 'TAC', 'GGG', 'TGC', 'GAG', 'GAA', 'AAT', 'TTT', 'GCC', 'TCC', 'TTC', 'ATC', 'AGA', 'CCT', 'AAA', 'CTT', 'ATA', 'CAT', 'TTT', 'CAA', 'TGG', 'TAA', 'ATG', 'GCT', 'GGT', 'AAG', 'TAT', 'TAA', 'TCG', 'GTT', 'AGA', 'TGG', 'CAT', 'AAC', 'GTC', 'TTA', 'GAC', 'AAT', 'GAG', 'GAT', 'AGT', 'CAA', 'TCA', 'TGT', 'CCA', 'AGT', 'ATA', 'ATT', 'TGT', 'ATC', 'CGG', 'CCT', 'CAG', 'GGG', 'GAA', 'ACT', 'TCC', 'TTG', 'CAC', 'ACC', 'CAA', 'TCT', 'ACA', 'AAC', 'TTG', 'TAT', 'TGG', 'GGT', 'ATT', 'TGT', 'TTC', 'AAG', 'GAT', 'TAC', 'TTT', 'TGT', 'TGT', 'GGT', 'TAT', 'TTC', 'GTA', 'AAA', 'ACT', 'GAC', 'CAT', 'TTA', 'AGA', 'AGA', 'ATA', 'CAT', 'TTT', 'TAT', 'AGA', 'AAC', 'CTT', 'GAT', 'TCA', 'AAG', 'TTT', 'TTG', 'GAA', 'TAT', 'TGC', 'CTT', 'TAT', 'TTG', 'GGG', 'TTC', 'AGA', 'TTG', 'GGG', 'GAT', 'GGT', 'TGT', 'TTA', 'TTC', 'CCG', 'GAC', 'ACC', 'CTG', 'GCA', 'ATT', 'TCA', 'AGC', 'CCC', 'CAA', 'ACC', 'TTG', 'TGG', 'CCG', 'TTG', 'TGT', 'GTC', 'TCT', 'CAA', 'TGC', 'CCA', 'GAT', 'AGG', 'GGA', 'TCC', 'AGG', 'GGG', 'ATC', 'GGC', 'GCC', 'TCT', 'TGT', 'GTG', 'AAT', 'TTT', 'TAG', 'CAG', 'CAG', 'GCC', 'CTA', 'AGA']"
G,"['AAA', 'AAG', 'GTT', 'TTA', 'AAG', 'GAG', 'GTT', 'TTG', 'CGA', 'TAG', 'AGA', 'AAA', 'TAA', 'AAG', 'CTG', 'GCG', 'CGT', 'ATG', 'TGG', 'GCC', 'CCC', 'GAC', 'CGC', 'CCG', 'CGC', 'GCT', 'GAG', 'GGC', 'CAG', 'AGG', 'AGC', 'TTT', 'GGT', 'GCC', 'AGA', 'AGG', 'GGT', 'CCC', 'CTA', 'AAG', 'GTC', 'ACA', 'GCA', 'AAG', 'CAC', 'CTA', 'GAT', 'AAA', 'AAA', 'GGA', 'GGC', 'AAA', 'CCT', 'CAA', 'CTG', 'TGA', 'AGC', 'GAA', 'TGG', 'TCA', 'AGA', 'CAG', 'TGA', 'TAT', 'CCC', 'AGA', 'TTA', 'TCA', 'TGA', 'GCT', 'TTG', 'TTG', 'GCT', 'CAA', 'AGA', 'TCG', 'GAC', 'ACA', 'CAA', 'ATG', 'TTG', 'TCA', 'CCG', 'CCC', 'GTG', 'GGT', 'GGG', 'GCA', 'GTC', 'TCG', 'GGA', 'ACC', 'TCG', 'AGT', 'TGG', 'AAT', 'TAG', 'ATG', 'AAA', 'TTA', 'TAT', 'TTG', 'AAG', 'ATA', 'ATG', 'CTA', 'CTG', 'GAT', 'GCT', 'TTG', 'TCG', 'CAT', 'CCG', 'GAT', 'TTT', 'AGT', 'GAG', 'GAC', 'CGA', 'AAG', 'AGG', 'TCG', 'TGG', 'GGC', 'GGA', 'AGA', 'TGG', 'GTC', 'ATC', 'TCC', 'TTC', 'TCA', 'CAG', 'AGA', 'GCG', 'CCG', 'AAG', 'AGA', 'CTC', 'TCC', 'GAA', 'AAG', 'AGA', 'AAA', 'CGT', 'TCT', 'GCC', 'CCC', 'CCT', 'TTT', 'TTT', 'TTT', 'CTT', 'TTT', 'TTG', 'GGG', 'GGA', 'AGC', 'TTT', 'CCC', 'CTC', 'GTC', 'GTC', 'CCT', 'CGG', 'CGC', 'GGC', 'TTT', 'CGC', 'GGT', 'CCC', 'GGG', 'TGC', 'CAA', 'AGT', 'AAT', 'CGA', 'GCT', 'TGG', 'GGT', 'CGG', 'ACA', 'AGG', 'GAC', 'AGT', 'GGC', 'ACT', 'ATT', 'TCA', 'GTG', 'GGG', 'TGC', 'TGT', 'AGA', 'TCA', 'GGC', 'GTC', 'GGG', 'GCG', 'TCA', 'TCT', 'GCA', 'CAA', 'GGG', 'ATG', 'GGT', 'GTG', 'GAA', 'CGG', 'GTT', 'CTC', 'GCA', 'TCT', 'TCA', 'ATG', 'TGT', 'ATG', 'CGC', 'TTG', 'TGG', 'GCT', 'CAT', 'CCT', 'TGG', 'GCT', 'AAG', 'AGT', 'AGC', 'GTT', 'GGT', 'GGG', 'GAT', 'CAA', 'AAA', 'TCG', 'ACT', 'TGT', 'CAT', 'CAC', 'CCC', 'CCA', 'CAA', 'TTG', 'AGG', 'CGT', 'TGC', 'CCG', 'CTC', 'CCA', 'CAT', 'GCG', 'GAG', 'ATT', 'CCT', 'CTT', 'CAA', 'AAG', 'CAG', 'AGG', 'GCC', 'AGC', 'CTC', 'AGT', 'GTC', 'ACT', 'GTT', 'TCA', 'CAA', 'GAT', 'AGC', 'AGG', 'GGG', 'TGC', 'GAA', 'GAT', 'TTT', 'TCT', 'TGT', 'ACA', 'AGC', 'AAA', 'CCT', 'GAA']","['GTC', 'CCG', 'GGT', 'GTA', 'AGA', 'AGG', 'GTA', 'TAA', 'GTC', 'TGG', 'GGT', 'AAG', 'AGC', 'GCT', 'TAT', 'ATC', 'AAG', 'AGC', 'ACT', 'CTG', 'GGC', 'CCA', 'GGT', 'AAA', 'GAA', 'CTA', 'AGA', 'GAT', 'GCG', 'TGG', 'AGT', 'CAC', 'AAC', 'TCG', 'CGT', 'ATT', 'TCT', 'ACC', 'GGT', 'CAA', 'GAA', 'AAA', 'AAG', 'CGA', 'AGG', 'ATT', 'GGA', 'GCT', 'GAA', 'ATC', 'CGA', 'ATT', 'CCA', 'CAA', 'AGT', 'CCG', 'ATT', 'TGC', 'TCA', 'GAA', 'CAT', 'ATT', 'TCA', 'GCT', 'GCT', 'GCT', 'TGG', 'TCT', 'AAA', 'TTT', 'TTA', 'GAG', 'AAA', 'TAA', 'CAA', 'TGA', 'TAG', 'TAT', 'AAT', 'GGT', 'CAT', 'GTC', 'CAT', 'GGA', 'TTC', 'ATT', 'CAT', 'TGG', 'AGG', 'TGG', 'AGA', 'AAG', 'GAG', 'AAT', 'TCC', 'ACA', 'GTT', 'GGG', 'TAG', 'CCA', 'GTC', 'GAT', 'TTA', 'GAC', 'CTC', 'CCA', 'AAT', 'AAG', 'TCA', 'AAG', 'GTG', 'TGT', 'TAC', 'TGT', 'GTT', 'ATT', 'TTA', 'TAT', 'GAA', 'CCA', 'GGT', 'GTG', 'GTA', 'GGT', 'CTA', 'CCA', 'CAA', 'GTC', 'GAA', 'GTT', 'AGA', 'GTG', 'TCC', 'CCC', 'CCT', 'TAG', 'TCT', 'TGA', 'TCT', 'AAC', 'AGC', 'TTT', 'GAG', 'TGT', 'GGT', 'AAG', 'TAT', 'ACT', 'AAT', 'TGA', 'AAA', 'GGT', 'CAA', 'TAT', 'AAC', 'GTA', 'TCG', 'ATG', 'AAA', 'GGG', 'TGA', 'ACT', 'TTA', 'ACG', 'GGA', 'TGA', 'TAT', 'ATT', 'ATA', 'TAA', 'AGT', 'TGG', 'GGT', 'AAC', 'TAA', 'CCA', 'TTC', 'CTT', 'CAA', 'GGT', 'GAT', 'TGC', 'TTT', 'TAT', 'ATT', 'AGT', 'CTA', 'TGC', 'AAG', 'AAG', 'TAC', 'ACA', 'AAT', 'TAT', 'AGT', 'AGG', 'TCG', 'CTG', 'TGA', 'ATT', 'AAG', 'TTC', 'ACA', 'TAC', 'GTC', 'ATT', 'TGA', 'TGG', 'CCA', 'AAC', 'TTC', 'TCC', 'TAA', 'AAA', 'TTC', 'TTC', 'TTT', 'ACA', 'ATA', 'TGC', 'CCG', 'CTT', 'CAC', 'ACG', 'AGT', 'AAC', 'TCA', 'CAA', 'ATG', 'TGT', 'CTG', 'TCT', 'GCA', 'GTT', 'TTC', 'CAC', 'CTT', 'GTG', 'GCG', 'AAG', 'GAA', 'TTA', 'AGA', 'GAT', 'GGG', 'GTC', 'CAG', 'GTA', 'GCT', 'AAG', 'ATT', 'CTT', 'TTA', 'GTT', 'TCA', 'TGC', 'TTG', 'TCA', 'TGC', 'TCA', 'AAG', 'GAT']"
R,"['AAA', 'TTG', 'GTT', 'GTC', 'GTC', 'TCT', 'GGT', 'GTA', 'GGC', 'GTA', 'GAA', 'GCC', 'CAA', 'AGT', 'ATG', 'CAG', 'CCG', 'GCA', 'AGT', 'TCG', 'GCG', 'GCA', 'CAA', 'AGG', 'CAG', 'CTG', 'AGC', 'GGT', 'GCA', 'CAC', 'CCG', 'CTA', 'GGC', 'TTG', 'AGG', 'ATG', 'GCC', 'AGC', 'TCG', 'GGA', 'AAA', 'CGT', 'CTG', 'GAC', 'GCT', 'CTT', 'AAA', 'AAC', 'TGT', 'GTG', 'ATC', 'TCT', 'TGG', 'GAA', 'TTT', 'CCA', 'GTC', 'GGC', 'GGG', 'GCG', 'CAC', 'TGC', 'GCG', 'TCA', 'TAC', 'CAT', 'CAA', 'ATC', 'CCA', 'GAA', 'GGG', 'AGT', 'TCA', 'ATT', 'TTT', 'GTA', 'TAG', 'TGC', 'CTC', 'AAC', 'AGG', 'GTC', 'TAC', 'GAC', 'CAT', 'GCC', 'TCA', 'TCT', 'GGG', 'GAA', 'CAG', 'AGG', 'CTG', 'TGT', 'TTT', 'TCT', 'TGC', 'GCA', 'CCT', 'CTT', 'TCA', 'CAA', 'GAG', 'GCG', 'TTG', 'CCC', 'GGA', 'ACA', 'AAC', 'TAT', 'CCC', 'GCT', 'AAA', 'AAA', 'AAT', 'CTT', 'TCC', 'CCT', 'CCT', 'TCC', 'CGG', 'GGG', 'GGG', 'TGA', 'CTA', 'AGG', 'GCA', 'AGG', 'TTG', 'TGA', 'AGC', 'TGC', 'GGG', 'GGG', 'TCG', 'GGA', 'AGC', 'ACC', 'GTC', 'TCC', 'CTG', 'GGA', 'AGG', 'AAA', 'GAG', 'AGG', 'GCC', 'AGC', 'CAG', 'GGC', 'ACT', 'TCT', 'CCA', 'TGC', 'CCA', 'CAG', 'CTC', 'AAG', 'GAG', 'AGG', 'GAC', 'TCG', 'TCT', 'AAA', 'GAA', 'AAA', 'GCG', 'TAC', 'CCA', 'GCC', 'AGG', 'CTA', 'GGA', 'AGA', 'TGA', 'CAG', 'AGA', 'AGT', 'TAT', 'CAC', 'GTG', 'CTG', 'CCC', 'TGC', 'AAC', 'GGA', 'CCT', 'AAC', 'CAA', 'ACG', 'ACC', 'CAA', 'CCC', 'TGC', 'GGG', 'AAG', 'GAA', 'AGC', 'CTT', 'GGG', 'AGA', 'CTT', 'GGG', 'CCA', 'ACT', 'GGC', 'AAA', 'GCA', 'CGT', 'TTC', 'TCG', 'AAA', 'TTC', 'CGG', 'TGT', 'TAA', 'CAA', 'AAT', 'CTC']","['TCC', 'AGG', 'GTG', 'TAA', 'TAA', 'AAA', 'GGT', 'GTG', 'GCC', 'ACA', 'TAA', 'ATC', 'TAA', 'GCC', 'GGC', 'AAC', 'AAC', 'AAA', 'GTA', 'CAA', 'GAA', 'AAA', 'GCT', 'AAG', 'GCT', 'ATC', 'TCA', 'GCC', 'CCA', 'AGG', 'TAC', 'TTC', 'CGT', 'CCC', 'CCG', 'ATC', 'ACT', 'TAC', 'TGG', 'AAG', 'TAG', 'AGT', 'TTC', 'CTC', 'CGT', 'TCT', 'CTC', 'CGA', 'ATC', 'TCT', 'TTC', 'CCT', 'TGG', 'TTT', 'CGA', 'TGT', 'CTA', 'GAT', 'TGA', 'ATT', 'ATT', 'TTA', 'ACA', 'ACA', 'TCA', 'GCC', 'GTT', 'TGG', 'TTG', 'CTA', 'GGT', 'AGT', 'AGA', 'GAA', 'AGA', 'CAT', 'TTG', 'ACA', 'CGC', 'CTT', 'TTT', 'TCT', 'GAC', 'TCC', 'CAT', 'CAA', 'ACG', 'AGC', 'TTG', 'AGA', 'TCA', 'TAC', 'GGT', 'AGG', 'AAC', 'CAT', 'ACT', 'TGG', 'GGT', 'TAT', 'ATG', 'ACA', 'CCA', 'TAC', 'AGG', 'CGG', 'TTT', 'GGA', 'AGA', 'ACC', 'GGC', 'TAA', 'GTC', 'GTC', 'CAC', 'TAG', 'GTA', 'ACT', 'TGT', 'AGC', 'CTA', 'TGG', 'AAC', 'AGA', 'TAA', 'CTG', 'ATT', 'GGA', 'TTT', 'AAA', 'AAA', 'TTC', 'GAT', 'TTG', 'GGG', 'GAA', 'CAG', 'AGC', 'AAG', 'ATG', 'TGT', 'ACC', 'CAC', 'TGA', 'ATT', 'TTT', 'TTA', 'AGC', 'GCA', 'ATC', 'ATG', 'GTT', 'GCT', 'TTC', 'CCC', 'CCG', 'GTC', 'GGT', 'GGG', 'GTA', 'GCG', 'CGT', 'GAT', 'TTA', 'CAA', 'GTG', 'CGT', 'GCA', 'CCG', 'CAT', 'AGA', 'ATT', 'TAA', 'AAT', 'GTA', 'GGA', 'TTT', 'TCG', 'ATG', 'TAT', 'CAT', 'ACA', 'TAC', 'TGT', 'TTC', 'CGT', 'CGG', 'TCA', 'AGG', 'TTT', 'AAC', 'ACA', 'GTG', 'TGG', 'GGT', 'GTT']"
K,"['AGT', 'TAA', 'AGT', 'GTT', 'TTT', 'TCA', 'AGG', 'AGG', 'CGC', 'CCA', 'GCA', 'GAG', 'AGC', 'GGC', 'CGT', 'TAA', 'CAG', 'CGC', 'GCA', 'GGC', 'GGA', 'CCA', 'GGG', 'GAA', 'CGG', 'GTG', 'GGC', 'CGC', 'GGT', 'AAA', 'AGC', 'GGT', 'CTG', 'TTT', 'TTC', 'CCG', 'ACA', 'GTC', 'GAA', 'AAC', 'CCT', 'AAA', 'AAA', 'ATG', 'ACT', 'TAT', 'ATT', 'CAC', 'TCT', 'TGC', 'CGA', 'AGA', 'TTG', 'TGA', 'GAA', 'AGG', 'CTC', 'GAT', 'AGC', 'TAT', 'CCT', 'AAG', 'CTA', 'CAT', 'TTA', 'GGG', 'GAC', 'CAG', 'AGG', 'ACT', 'GTG', 'TGT', 'GGT', 'TCT', 'CTC', 'GAA', 'TGG', 'CAG', 'ACC', 'CCG', 'GGG', 'CCG', 'GTG', 'GGG', 'GCT', 'CTC', 'GAA', 'TGG', 'TTA', 'TAA', 'AGT', 'TTT', 'GTT', 'ATA', 'TCG', 'CGG', 'AAC', 'TTG', 'GGT', 'AGC', 'TGT', 'CTT', 'TTC', 'CCG', 'CGG', 'GAA', 'GAA', 'AAA', 'GCC', 'TCA', 'GAA', 'GTG', 'CAT', 'CGC', 'GTT', 'AAG', 'CGG', 'CAG', 'GTT', 'ACT', 'CGT', 'TTT', 'TTC', 'CTT', 'TCC', 'CCC', 'CCC', 'CTT', 'TTT', 'TTC', 'TTT', 'TTT', 'AAG', 'AAG', 'AGG', 'CTC', 'TCC', 'CAA', 'TGG', 'CAC', 'GGC', 'GGA', 'GCG', 'GGC', 'TTT', 'CCC', 'CAT', 'CGC', 'TTC', 'GGC', 'CGC', 'GGA', 'GGC', 'GTG', 'TGT', 'AAA', 'TCC', 'CCT', 'CTG', 'CAA', 'AAT', 'TGA', 'TGC', 'CTT', 'ACT', 'ACC', 'ATC', 'AAG', 'TCC', 'GAC', 'AGA', 'AAC', 'GTG', 'GAG', 'GGT', 'ACG', 'GGA', 'GAT', 'CAT', 'CGT', 'TGT', 'GCA', 'TAA', 'GAG', 'AGG', 'AAA', 'AGC', 'TGC', 'CCA', 'CAG', 'GAG', 'GCT', 'CCG', 'GAT', 'CTG', 'AAA', 'GAT', 'TGC', 'TGA', 'ATT', 'TGT', 'GTG', 'TGA', 'CCA', 'GGT', 'CCC', 'AAG', 'AGG', 'CTT', 'TCT', 'CTA', 'GTG', 'AAC', 'TAC', 'TGA', 'GCA', 'CTC', 'GCA', 'CAG', 'GCT', 'CCA', 'AAG', 'GCT', 'TCG', 'CCG', 'GTA', 'GCG', 'TGT', 'GTC', 'GTG', 'CGA', 'GGT', 'GTC', 'CTT', 'GGT', 'GTA', 'AAT', 'ATT', 'GAG', 'CAA', 'TAT']","['CGG', 'TAG', 'GGT', 'AAG', 'TGG', 'TAG', 'TGC', 'AAA', 'CAT', 'TCC', 'CTA', 'CCA', 'ACA', 'GCA', 'ACA', 'AAG', 'AAG', 'GGT', 'GTG', 'AAG', 'GCA', 'CTT', 'GAA', 'CTC', 'GAT', 'ATA', 'TAA', 'CTT', 'TTC', 'TGT', 'TCA', 'GGT', 'CTA', 'GCA', 'TTC', 'CAT', 'CGG', 'GGT', 'GGG', 'GTA', 'ACA', 'TGT', 'TAT', 'GTC', 'ATG', 'TTC', 'GGT', 'CTA', 'ACC', 'TTG', 'TTA', 'ATT', 'AAA', 'GGT', 'TTT', 'CTT', 'TTT', 'TTG', 'AAG', 'TAT', 'ACT', 'ATC', 'TAT', 'TTG', 'AAA', 'TAC', 'GAT', 'AGA', 'CTG', 'ACT', 'GAC', 'TGC', 'GGT', 'CTA', 'TAA', 'TGG', 'TCA', 'GAG', 'CAC', 'GAC', 'ATT', 'GAT', 'TGT', 'TGC', 'GTC', 'AAC', 'ACA', 'TTT', 'GAT', 'ATA', 'TGT', 'GCC', 'CGT', 'CGG', 'GGT', 'AAA', 'TTG', 'AGT', 'ATT', 'GGT', 'AGA', 'TTG', 'GGT', 'TCC', 'CAA', 'CGT', 'TCC', 'AGA', 'CTA', 'CAA', 'AGA', 'GAT', 'ATC', 'AGT', 'TTG', 'GCT', 'AAC', 'CGA', 'GTT', 'CCG', 'CTG', 'TGG', 'GTA', 'CGT', 'GTC', 'CTC', 'ATC', 'CCA', 'AAA', 'AAA', 'CCA', 'AAC', 'CCA', 'CAG', 'CGA', 'AAA', 'GCT', 'TAT', 'TCG', 'CGT', 'AAG', 'GGT', 'CCT', 'TTT', 'TCT', 'TGC', 'TGG', 'GTA', 'CTG', 'GAC', 'AGC', 'TTT', 'CTT', 'CAA', 'ATG', 'CTG', 'CAA', 'GGT', 'AGC', 'CCA', 'GGG', 'GTT', 'ATC', 'TCT', 'CAT', 'CAG', 'AGA', 'TCG', 'CGT', 'GTC', 'AAT', 'TTT', 'CAC', 'GCG', 'ATC', 'CCT', 'GTG', 'CTT', 'TTG', 'AAA', 'TAA', 'AGT', 'CAT', 'TGC', 'CCA', 'AAG', 'CTC', 'GTG', 'TTT', 'GGT', 'CGT', 'TTT', 'CGG', 'GGT', 'AAA', 'TTG', 'CCA', 'GAA', 'CCA', 'CCA', 'TTC', 'TGA', 'GTA', 'AGA', 'GCA', 'CAG', 'GGT', 'GAA', 'CGT', 'GCA', 'TGA', 'AAT', 'AAA', 'GGT', 'ACA', 'CTT', 'CTC', 'TGT', 'TCA', 'GGA', 'CTG', 'GCA', 'CTC', 'ACC', 'CCT', 'CTG', 'TGG', 'GGC', 'AAC', 'TCT', 'TAT', 'ATC', 'CAT', 'ACT', 'CTG', 'ACA', 'ATC', 'TTG', 'AGG']"
L,"['AGA', 'TGT', 'CTG', 'AAG', 'AAG', 'TTT', 'CGC', 'TGC', 'TAC', 'GGC', 'CCG', 'CGA', 'GAA', 'AGC', 'AAG', 'CAA', 'CGC', 'CGG', 'CGG', 'CCG', 'CCG', 'GCA', 'GCT', 'CCG', 'AGC', 'GGG', 'TAG', 'CGC', 'AGC', 'GCG', 'TCC', 'CCA', 'TGT', 'CCA', 'AAC', 'CAA', 'AAT', 'AGA', 'TTC', 'CCA', 'CAT', 'TGA', 'TAT', 'GCT', 'GTA', 'TAT', 'GCC', 'GGG', 'TAA', 'AAC', 'CTG', 'GTA', 'AAT', 'TGA', 'ACA', 'AAA', 'AGG', 'GGC', 'TGT', 'GTT', 'GCC', 'AGG', 'CTG', 'CGA', 'CGG', 'AAC', 'GGG', 'GCT', 'TAC', 'ACC', 'GGC', 'AGT', 'CTC', 'AGC', 'AGT', 'TGT', 'ATG', 'GGC', 'CAC', 'GGC', 'CAA', 'CTG', 'AGT', 'GGT', 'CAG', 'CTT', 'ACG', 'TAC', 'CCG', 'GTC', 'TGA', 'GGA', 'CAA', 'GAC', 'AGG', 'GGT', 'TCC', 'TGT', 'CTT', 'ATC', 'TCA', 'CAG', 'CAA', 'GAG', 'CTC', 'CAG', 'CTC', 'ACC', 'CAG', 'ATG', 'TAT', 'AAT', 'AGA', 'GGG', 'GGT', 'GGA', 'AGG', 'TTC', 'CGG', 'TTA', 'GTT', 'TTA', 'TTC', 'CCA', 'ACC', 'CCT', 'TTC', 'CCG', 'GGC', 'GCT', 'CCC', 'CCC', 'CCT', 'TTT', 'CCT', 'CGG', 'GGC', 'GCC', 'AGG', 'TCT', 'AGG', 'CGG', 'GGC', 'CTT', 'CGC', 'GCA', 'CGG', 'CAG', 'CCC', 'CGC', 'AGT', 'GAG', 'GAT', 'TGA', 'CTG', 'GTG', 'CGG', 'GCA', 'AGG', 'CAA', 'GGG', 'GGG', 'GCT', 'AGG', 'GGG', 'TGA', 'CAG', 'TGT', 'TGG', 'TTT', 'CAC', 'CTG', 'TGT', 'GTT', 'GTG', 'TTC', 'AAA', 'TCT', 'GCC', 'TGT', 'CTA', 'GGC', 'GGG', 'TTC', 'TGG', 'TGA', 'GGG', 'AGA', 'AAG', 'GCC', 'GGT', 'GGG', 'CAG', 'TCT', 'GCC', 'CCT', 'GAA', 'GGA', 'ATG', 'GGA', 'GGA', 'ATC', 'TCC', 'CTG', 'GTC', 'GTG', 'GAT', 'ATC', 'GAG', 'GTG', 'GCT', 'CCG', 'ATG', 'CAC', 'GGA', 'GAT', 'ATT', 'GCC', 'TGT', 'CCC', 'GTA', 'TAA', 'CAG', 'TGA', 'GAC', 'ATC', 'CAA', 'AAC', 'AGC', 'CCC', 'AGA', 'AGT', 'CAT', 'CCA', 'CAT', 'GGC', 'CGT', 'CCA', 'GCG', 'GTC', 'TCC', 'TCC', 'TGA', 'AAG', 'TGA', 'TGG', 'AGT', 'GTG', 'TGG', 'CTG', 'CAT', 'GCA', 'TAC', 'CGC', 'TCT', 'GTA', 'GCC', 'CTC', 'TCT', 'CTT', 'CGT', 'GTC', 'GCC', 'AAG', 'AGA', 'AAG', 'GCG', 'CCT', 'AAT', 'TCC', 'CCG', 'GCT', 'CAT']","['GAG', 'GTA', 'AAG', 'AGC', 'GAA', 'GAT', 'GGT', 'ACT', 'CAG', 'AGC', 'CCA', 'TTA', 'TAG', 'TTC', 'AGG', 'AAT', 'ATC', 'GTG', 'GTG', 'AGA', 'AAG', 'CAG', 'CTA', 'AAC', 'CTA', 'CAC', 'TGA', 'TCT', 'ACT', 'TGG', 'AAG', 'AGC', 'CCA', 'CAT', 'ACC', 'CGT', 'GAT', 'GTC', 'TAC', 'ATT', 'CAT', 'CGC', 'GCT', 'AAT', 'GGT', 'GCT', 'CTT', 'ACT', 'TCC', 'CAA', 'CAA', 'TAT', 'TCG', 'GCC', 'CCG', 'AAG', 'GTC', 'CAG', 'CTT', 'GGT', 'TGT', 'TTG', 'AGA', 'AAG', 'GGT', 'TTT', 'AGC', 'GTG', 'CCA', 'CAA', 'GGA', 'GGT', 'TAG', 'GTG', 'TGA', 'AAG', 'GGT', 'TGA', 'ATG', 'AGA', 'CCG', 'TGG', 'TGG', 'GTC', 'TTT', 'GGT', 'AAC', 'GTT', 'TTC', 'GCA', 'AAC', 'ATG', 'GTA', 'ATT', 'TAT', 'CTG', 'TTT', 'TTC', 'TTG', 'ATG', 'TTT', 'CCA', 'CTT', 'TGG', 'TAA', 'AAA', 'TGA', 'AAC', 'TAG', 'AAT', 'GGT', 'TCT', 'CAA', 'CAG', 'AGA', 'GAG', 'ATG', 'TGA', 'AGC', 'ACG', 'CTA', 'ATT', 'TGT', 'CAA', 'TGT', 'GAA', 'GTC', 'ATT', 'AAA', 'CTG', 'ATT', 'TGT', 'TGG', 'ATT', 'TTA', 'TGT', 'GTG', 'TTA', 'AAT', 'TTA', 'CTC', 'GAC', 'AGT', 'TGG', 'TAA', 'GCG', 'AGA', 'ATC', 'CCT', 'AAG', 'TGG', 'TAA', 'CAC', 'GGA', 'GTT', 'TGA', 'AGT', 'GGT', 'AGT', 'ACG', 'ATG', 'ACC', 'AAG', 'AGA', 'AAG', 'TTT', 'AGT', 'CAC', 'ACT', 'CCA', 'TGA', 'GAT', 'CAT', 'TCC', 'ACC', 'TGC', 'GTC', 'TTA', 'ATT', 'TTA', 'GTT', 'CAT', 'ACG', 'ATG', 'TTA', 'GCC', 'CCA', 'ATA', 'GGA', 'GAT', 'ATA', 'TTG', 'GCT', 'GGT', 'GTC', 'ACA', 'CTT', 'GCC', 'TCG', 'AAG', 'TAA', 'GAG', 'AGG', 'GGT', 'TTT', 'ATG', 'TGG', 'TAA', 'TGT', 'ATT', 'CAA', 'GTT', 'ATC', 'TTA', 'AAA', 'TCT', 'GAC', 'TTA', 'AAG', 'ACC', 'TTG', 'TAG', 'AGG', 'GAG', 'AGC', 'CAC', 'CCC', 'AAA', 'TAG', 'TAT', 'ATA', 'GGC', 'ATA', 'CAA', 'ATT', 'ACA', 'CAA', 'TTG', 'CCC', 'CCA', 'AAA', 'CTA', 'TGA', 'CCG', 'CAT', 'GGT', 'GTC', 'AGG', 'CAA', 'GCG', 'CCA', 'AGC', 'TTA', 'CTC', 'TGA', 'CCT', 'ATT', 'TGG', 'AAG', 'AGC', 'CTA', 'TAT', 'TCC', 'TGC', 'CTC', 'AGA', 'GGT', 'TTA', 'AGT', 'GAA', 'CAG', 'CTG']"
A,"['TGT', 'ATG', 'TGG', 'AAG', 'GCG', 'GCG', 'TCG', 'AAT', 'ACA', 'GCC', 'ACT', 'AAG', 'AGC', 'GAC', 'CGG', 'GCT', 'GCC', 'CCC', 'GCA', 'GAG', 'CGC', 'GGC', 'GGG', 'CGC', 'TAC', 'CCC', 'TGG', 'GGC', 'AGC', 'CCC', 'GCG', 'AAG', 'GCA', 'CAG', 'GCT', 'CTA', 'TAC', 'AGC', 'TGG', 'TTG', 'GTA', 'GAT', 'GGG', 'GGC', 'CCA', 'GCC', 'ATC', 'TGA', 'AGA', 'TTC', 'TGC', 'TTG', 'AAA', 'TTG', 'CTA', 'GCC', 'CCC', 'AGG', 'TTT', 'ATC', 'CAT', 'GAT', 'ACA', 'TGT', 'GTC', 'GTG', 'AAG', 'GTA', 'TCC', 'CCA', 'AAG', 'GGC', 'AGA', 'CCC', 'GGC', 'CAG', 'ACA', 'CAG', 'AGA', 'TGG', 'GCT', 'TGC', 'CCC', 'GGC', 'AGC', 'TCC', 'ATC', 'TCA', 'ACT', 'CTA', 'CTT', 'TTA', 'CAT', 'TAT', 'CTG', 'TGA', 'TCC', 'ACA', 'GCA', 'GTT', 'TGG', 'AGG', 'GCA', 'GTT', 'TTC', 'TTC', 'TAT', 'ATG', 'GGT', 'ATG', 'GAT', 'AAA', 'ACC', 'TGA', 'GGC', 'ATG', 'TCT', 'TGG', 'CAG', 'AAG', 'GAA', 'AAC', 'AGG', 'GGT', 'ATC', 'GAC', 'GGT', 'GAG', 'AAT', 'GTA', 'ATT', 'CCG', 'CCG', 'TCA', 'TCT', 'GGT', 'TCC', 'CCC', 'CCG', 'CTC', 'TCC', 'CCT', 'CTT', 'CCG', 'CCT', 'GAG', 'GTG', 'GCG', 'CGC', 'GCC', 'CCC', 'AGC', 'GGG', 'CAT', 'GGA', 'CGA', 'CAC', 'TTC', 'ATG', 'GCG', 'CTG', 'GGA', 'GAT', 'CCT', 'GTC', 'TTG', 'AAA', 'CAT', 'ATG', 'GGA', 'GAG', 'CGA', 'AAG', 'GGC', 'GCT', 'AAG', 'AGA', 'AGC', 'ATG', 'GCA', 'ATC', 'TGA', 'AGG', 'GGA', 'TTT', 'CAT', 'GAG', 'TCA', 'CAG', 'TGC', 'CTC', 'TCC', 'CTG', 'CTG', 'ACA', 'CTG', 'AAG', 'CAG', 'TGC', 'CCG', 'CGT', 'CCT', 'GCC', 'CCG', 'CGG', 'GGG', 'GCA', 'GAC', 'GTC', 'TCA', 'CGA', 'CTC', 'TGA', 'CCA', 'GGT', 'CGC', 'GCT', 'TTG', 'TGC', 'TGC', 'ACC', 'TTC', 'CAG', 'GTT', 'TGC', 'GCT', 'GGT', 'AGC', 'AGT', 'GGC', 'CCT', 'CAC', 'AGC', 'ACA', 'ATG', 'GGA', 'TGG', 'GGT', 'CGG', 'GGA', 'TTG', 'GAG', 'AAC', 'AAA', 'GTA', 'ATC', 'CCG', 'TGA', 'GGG']","['AAA', 'GGT', 'AGG', 'CAG', 'ACA', 'TAC', 'TGG', 'GAA', 'CAA', 'GCA', 'AGA', 'GAA', 'GTC', 'CCC', 'GCC', 'CCC', 'CAT', 'CGG', 'GAA', 'AAG', 'CCT', 'AGC', 'CTT', 'TAA', 'TGA', 'AGA', 'GAG', 'CGG', 'CAC', 'CAT', 'CCG', 'ATG', 'GCC', 'TGT', 'GTC', 'TCG', 'TAA', 'CCA', 'CAT', 'GTG', 'AGA', 'ACC', 'CGA', 'TCG', 'CCG', 'CTG', 'AAG', 'GAA', 'GAG', 'TCG', 'TTG', 'TGG', 'AGG', 'GTC', 'TGA', 'TAT', 'TTG', 'GTG', 'GAA', 'TTC', 'ACC', 'CCA', 'TTG', 'CAC', 'TGT', 'ATT', 'TTG', 'GCT', 'CTG', 'TCA', 'CAA', 'TCT', 'TAA', 'ATT', 'AGG', 'GTT', 'GTT', 'GAC', 'GAT', 'GTG', 'TGA', 'AAG', 'AGG', 'GGA', 'AGC', 'GTA', 'GAT', 'TCA', 'GAA', 'CAC', 'CTG', 'AGA', 'GAG', 'GAC', 'AGG', 'CGG', 'TTC', 'CTA', 'TAT', 'ATC', 'AAC', 'TAT', 'ATG', 'GTG', 'CCA', 'TGC', 'CCC', 'AAC', 'AAG', 'TCG', 'TTT', 'CTA', 'ACG', 'CGC', 'TTC', 'TCT', 'TCA', 'CAA', 'TTT', 'CAT', 'TCT', 'CTG', 'GTA', 'AAG', 'ACA', 'CAC', 'CCG', 'GGT', 'AAT', 'GCC', 'ATG', 'GAA', 'ACG', 'CGA', 'AAT', 'TGA', 'TGT', 'TTC', 'TTA', 'TGC', 'AAA', 'AAA', 'TGA', 'GTG', 'CTG', 'GAA', 'AAG', 'GTT', 'TTA', 'CCT', 'GCT', 'TGT', 'ATA', 'TAG', 'CGG', 'TCA', 'TCA', 'TTC', 'CTC', 'TGG', 'GAT', 'TTT', 'CAC', 'ACC', 'CCG', 'TTT', 'TGA', 'TCT', 'AGG', 'AAT', 'GGA', 'ACA', 'AAC', 'CAG', 'AGA', 'ATT', 'TTT', 'TCC', 'AAA', 'GAG', 'TAA', 'AAG', 'TTC', 'ACT', 'TCC', 'CCT', 'TGG', 'CAA', 'GTC', 'ATT', 'ATA', 'TAC', 'AGA', 'GGT', 'TAA', 'ATG', 'CGG', 'GGT', 'ACA', 'TAA', 'CTT', 'CGT', 'GTT', 'ATG', 'GCC', 'TCT', 'ATT', 'TTG', 'GTC', 'CAA', 'CGA', 'TGA', 'TTC', 'CTC', 'TTA', 'GTG', 'GTT', 'CTG', 'AAA', 'CCT', 'CCA', 'GTC', 'CCT', 'TTG', 'CAA', 'TGA', 'GAG', 'CAT', 'TAT', 'CAG', 'CCC', 'ACG', 'GCT', 'CGT', 'AGG', 'AGG', 'CAA', 'TTC', 'TTT', 'ACC', 'CCA', 'TGC', 'GCT', 'AAC', 'CTT', 'TAC', 'CCG', 'TTC', 'TCT']"
H,"['TGT', 'GGC', 'AAG', 'CGG', 'GGC', 'CCC', 'CCC', 'AGA', 'CGC', 'GTT', 'GAA', 'TCG', 'GGC', 'TGG', 'GGA', 'AGA', 'AAC', 'ATG', 'GGC', 'AGC', 'TGA', 'TTA', 'GAG', 'CGA', 'GGG', 'GTC', 'GTG', 'GCA', 'CCT', 'CTC', 'CTG', 'CCG', 'AAC', 'AAA', 'TGG', 'AGG', 'TTC', 'TTC', 'TTC', 'GCC', 'CGC', 'CCG', 'CCA', 'GTT', 'GTC', 'TGT', 'GGA', 'CCG', 'CTG', 'GTG', 'TGG', 'TTG', 'CAC', 'CGC', 'ACA', 'CCA', 'TTT', 'GCT', 'ATG', 'GAA', 'GCT', 'TCT', 'GGC', 'TGC', 'ATG', 'CAG', 'ATG', 'GGC', 'GTC', 'AAG', 'GGG', 'CGA', 'CCT', 'AAG', 'AGG']","['GGT', 'AAC', 'GGT', 'GCC', 'AAG', 'CTA', 'CCA', 'CGA', 'AAA', 'GTC', 'ACG', 'GTG', 'GCC', 'TCA', 'CAT', 'TTG', 'GTG', 'AAT', 'GAT', 'AAC', 'TTT', 'GGA', 'TAC', 'GTT', 'ACG', 'GGA', 'ATT', 'TCG', 'TTA', 'GAG', 'GTG', 'TTT', 'ACA', 'AGA', 'GTT', 'ATT', 'TTG', 'AGA', 'AAG', 'AAT', 'GAT', 'CTT', 'AGG', 'AAC', 'TTT', 'CTA', 'TTA', 'AAC', 'TAA', 'CTC', 'GAG', 'TTA', 'TAT', 'TCG', 'TTC', 'ACC', 'CAT', 'CAC', 'TGT', 'AGG', 'TGG', 'ATT', 'CAA', 'AAG', 'CTG', 'CCT']"
V,"['TTG', 'GAG', 'AAA', 'GGT', 'AGG', 'AGG', 'AAG', 'CCA', 'CAT', 'CCG', 'CCG', 'GCT', 'GCC', 'GTG', 'TGA', 'GGC', 'GCC', 'CTA', 'AAG', 'GTA', 'ACG', 'CGG', 'TTT', 'CCA', 'CAA', 'ATT', 'CGG', 'CAA', 'ATC', 'TAA', 'AAT', 'AAG', 'AAC', 'TTG', 'AGA', 'GGG', 'AAA', 'CGT', 'TGA', 'ACG', 'GGT', 'ACC', 'CCA', 'GAT', 'TAT', 'TCC', 'TTG', 'CCA', 'CAA', 'GTA', 'ACT', 'ATG', 'ACT', 'GAC', 'CAA', 'CCT', 'GAT', 'GCT', 'TGA', 'GAA', 'AGC', 'CTG', 'TAT', 'AAT', 'GGG', 'GAG', 'GAT', 'GCG', 'GAT', 'TGT', 'ACG', 'GCC', 'GAG', 'CAC', 'CGG', 'GCC', 'CCG', 'GGC', 'CTG', 'CAG', 'CTC', 'TCT', 'GTT', 'TTT', 'TTC', 'TGC', 'AAT', 'GGA', 'TAG', 'GTG', 'TAG', 'GGT', 'AGA', 'TTC', 'TGT', 'TAT', 'GGA', 'CCC', 'CCA', 'CTT', 'GTG', 'CTG', 'ACG', 'ACG', 'GGC', 'CAC', 'GGA', 'AAA', 'CAT', 'CCA', 'CGG', 'CGG', 'GAG', 'GAG', 'GGA', 'ACC', 'GGT', 'CTT', 'TTT', 'TAC', 'AAA', 'TTT', 'GGG', 'TTT', 'TCC', 'CTC', 'CCC', 'CCA', 'TTC', 'CCT', 'CTC', 'CCA', 'TCC', 'GTG', 'CCC', 'GAC', 'CAG', 'TGT', 'AGG', 'GCG', 'GCA', 'TCC', 'GGG', 'GCA', 'GAG', 'CCT', 'AAC', 'TCA', 'TAC', 'GAC', 'ACT', 'GAG', 'CCC', 'TTG', 'GAC', 'AAC', 'ACA', 'CAT', 'TTG', 'GCC', 'AAG', 'TTT', 'CTC', 'CAA', 'AAA', 'ATC', 'CTG', 'TGG', 'AAG', 'ACA', 'AAA', 'GAG', 'GGA', 'GGA', 'AAG', 'AGT', 'CAA', 'CCA', 'TGG', 'CCA', 'GGA', 'GTT', 'TTC', 'CAC', 'ACG', 'TTA', 'GAC', 'CTC', 'GAT', 'TGG', 'CCC', 'GCT', 'ATG', 'CGC', 'TGC', 'GCT', 'TGA', 'ATG', 'TCT', 'ACC', 'TCA', 'CAA', 'AAT', 'AGA', 'TTG', 'GGC', 'CCA', 'TGG', 'ACA', 'CTG', 'TGG', 'GCC', 'TGC', 'TCT', 'GCA', 'AGG', 'GAA', 'GGA', 'GCG', 'TGA', 'CAG', 'TCG', 'AGG', 'CTC', 'CCC', 'GAG', 'GAC', 'GGT', 'ATT', 'CCT', 'GGG', 'TAG', 'AGC', 'GCT', 'GTG', 'CAC', 'CAG', 'TGT']","['GTG', 'CAC', 'AGA', 'TCT', 'GAG', 'CAA', 'TAT', 'ATT', 'TGG', 'CCC', 'GGC', 'ACC', 'TGG', 'CAC', 'AGA', 'ATC', 'CAA', 'CCT', 'GTT', 'GAG', 'AGA', 'GAA', 'TCT', 'AGT', 'CAA', 'AGT', 'AAA', 'TTA', 'TAA', 'AGG', 'CTT', 'GCT', 'TGG', 'GTT', 'AAA', 'GAT', 'ATA', 'AGT', 'TTA', 'ACC', 'GTT', 'TTG', 'CTC', 'TCC', 'CAC', 'GAG', 'ATT', 'AAC', 'GAT', 'ACT', 'GGT', 'TAC', 'AAG', 'GAT', 'TTA', 'GTC', 'AGA', 'GAA', 'CTT', 'ACC', 'GTG', 'GTT', 'TAG', 'CAA', 'GTT', 'TGG', 'AAG', 'TTG', 'ATA', 'AAT', 'GAA', 'CCG', 'AAG', 'ATG', 'AAG', 'TGA', 'AAC', 'ACG', 'CAG', 'ACG', 'AAA', 'TTG', 'GTC', 'TTT', 'AGA', 'GAT', 'ACC', 'TGA', 'TTG', 'ATG', 'TGA', 'AGT', 'CAT', 'ACC', 'CCC', 'TCT', 'TCT', 'CTA', 'GTT', 'CAA', 'AAT', 'TTC', 'TGG', 'TGC', 'TTC', 'ATA', 'TTC', 'CGT', 'GCC', 'AGA', 'TGG', 'AGT', 'ATT', 'TCC', 'TCC', 'CAG', 'TGT', 'AAT', 'AGA', 'AAT', 'GTG', 'CGA', 'TTG', 'TCA', 'GGG', 'AAT', 'TTT', 'TCA', 'GAA', 'ATG', 'GGA', 'CAT', 'ATG', 'GAG', 'GCA', 'CAA', 'GTA', 'TGC', 'AAA', 'TGC', 'TCT', 'TGA', 'TAC', 'GGG', 'TAC', 'AGC', 'GTA', 'TGG', 'TGG', 'AAA', 'GCG', 'GAA', 'AAA', 'TTG', 'TTA', 'TAA', 'TCT', 'GAC', 'ACT', 'TCC', 'AGA', 'CCT', 'CTG', 'GGT', 'CAT', 'CAT', 'TCA', 'GAG', 'TGA', 'CTG', 'GAA', 'ATA', 'GCT', 'CTA', 'TTG', 'TGG', 'CAA', 'CAA', 'AAA', 'CGT', 'GAA', 'GGG', 'GGG', 'AAT', 'GTG', 'GCA', 'ATT', 'TTT', 'GTG', 'GAT', 'AGT', 'GTG', 'TCC', 'TAT', 'CTT', 'ATA', 'CTG', 'CGT', 'GCG', 'TTT', 'TTA', 'TTA', 'TAT', 'ATG', 'AAA', 'ACG', 'TAT', 'GGA', 'ATG', 'ATC', 'TCA', 'ACA', 'AAA', 'ATG', 'CAC', 'CAG', 'GTT', 'GAT', 'CAT', 'TCC', 'TTT', 'GTG', 'CGT', 'TCT', 'GAA', 'CGG', 'TCA', 'GGA', 'ATC', 'CAG', 'CAA', 'CCT', 'GTT', 'CAA', 'TTC', 'GGT', 'CTA', 'TGT', 'TGA', 'GAC', 'GCC', 'TGT', 'AAA', 'TTC', 'ATT', 'TTG', 'TGA']"
D,"['TCT', 'AAA', 'GCC', 'TAC', 'AAA', 'CCA', 'AAG', 'AGC', 'TGG', 'AGC', 'GCC', 'CGC', 'GCC', 'GGT', 'AGA', 'GGC', 'GCT', 'CAT', 'TTG', 'TGT', 'AAA', 'AAA', 'ATT', 'GTC', 'TAG', 'CGG', 'ATT', 'GCT', 'TCC', 'CCT', 'GGA', 'GAA', 'GAC', 'TAT', 'ATC', 'TTG', 'AAA', 'CAT', 'CTG', 'CTG', 'CTG', 'TGG', 'AAT', 'ATC', 'GGG', 'CCC', 'GAG', 'CAG', 'GCA', 'CTA', 'CCA', 'GCC', 'CTG', 'GTT', 'TCC', 'TGA', 'CCG', 'AAA', 'TTC', 'ACT', 'CTG', 'TGT', 'TTA', 'TCT', 'CGG', 'GTA', 'GGG', 'AGA', 'GAG', 'TTG', 'CAA', 'AAT', 'CCT', 'AGA', 'AAG', 'TCA', 'GCC', 'CTT', 'CGC', 'ACG', 'GGG', 'ACC', 'TCT', 'AAC', 'CCT', 'TTT', 'TCC', 'AAA', 'TTA', 'CTT', 'TTT', 'TCC', 'GGT', 'ACG', 'GTA', 'TTG', 'CTG', 'ATG', 'CGG', 'GGG', 'ACA', 'GCC', 'TCA', 'AAG', 'GCG', 'GAA', 'ATG', 'TGA', 'CCC', 'ATG', 'GCC', 'CCA', 'AAA', 'GGA', 'TGA', 'GGC', 'TCC', 'TGA', 'AAA', 'ACT', 'GCT', 'GAA', 'AAG', 'CAA', 'GAT', 'TGT', 'TGA', 'GGC', 'ATG', 'AGC', 'GGC', 'TGG', 'TCA', 'CAG', 'GAG', 'ACA', 'CTG', 'TGC', 'GTT', 'GGC', 'CTC', 'AGG', 'ACC', 'CTG', 'TGA', 'GTG', 'TGA', 'AGC', 'ATG', 'AGC', 'GCA', 'CAG', 'CGG', 'GAT', 'TCC', 'GTG', 'GTG', 'GGA', 'AGC', 'GAA', 'CCC', 'CGG', 'GGA', 'GCG', 'GAG', 'GGA', 'CTG', 'CTC', 'TCG', 'GCA', 'CCG', 'TTC', 'GCC', 'CCA', 'GCG', 'GAT', 'TAG', 'CAC', 'CTC', 'TCG', 'GGG', 'GCC', 'GGT', 'TTC', 'TTG', 'ACA', 'TCA']","['AAA', 'AAG', 'GTA', 'CAG', 'AAA', 'TTA', 'TAT', 'AAA', 'GTA', 'AAC', 'ACT', 'GAA', 'TTC', 'GAT', 'TAT', 'TCA', 'GGG', 'GGA', 'CCC', 'CTC', 'TTA', 'TCT', 'GTC', 'TGT', 'GGT', 'GAA', 'AAG', 'TTC', 'TCA', 'AAA', 'GTG', 'GAA', 'AAG', 'ATG', 'CTG', 'CTG', 'CGG', 'AAG', 'TAT', 'GGA', 'AAC', 'CTT', 'AAT', 'TTT', 'TCA', 'AGA', 'TAC', 'GTC', 'AGT', 'TTG', 'GTC', 'AAG', 'TAA', 'GTT', 'TTG', 'TGT', 'ACA', 'GAA', 'ACT', 'TGT', 'GAC', 'ACG', 'TGG', 'GAC', 'TGG', 'ACA', 'CCT', 'TCG', 'ATT', 'TGG', 'TGA', 'CTC', 'ATT', 'TTG', 'GCC', 'CAG', 'AGG', 'GTC', 'TCC', 'CGT', 'GAC', 'CCC', 'TAG', 'GAA', 'TTT', 'CGC', 'GTT', 'AAA', 'TTC', 'TTT', 'GCA', 'AGA', 'ACC', 'GGT', 'TCT', 'CTA', 'CTC', 'GTA', 'CTG', 'GAA', 'GTA', 'CAA', 'AAA', 'GTA', 'TAT', 'TGT', 'GAT', 'ATG', 'TAA', 'AAG', 'TGC', 'AAT', 'TTG', 'ATG', 'GGT', 'TCT', 'CTC', 'CGT', 'TAT', 'AAG', 'AAA', 'GTT', 'GAA', 'AAA', 'GAA', 'TTT', 'TAC', 'GTT', 'CAA', 'CAG', 'TTC', 'CCA', 'CGT', 'GAT', 'TTT', 'TTA', 'TTG', 'GGT', 'CCA', 'GAA', 'GCA', 'TAT', 'AAT', 'TGC', 'CTT', 'TAT', 'ATT', 'TCA', 'AGC', 'AAG', 'TTC', 'CTC', 'TTG', 'GTA', 'GTA', 'CGG', 'ACC', 'AGA', 'ATC', 'CGC', 'GGA', 'CCA', 'CCC', 'GCC', 'CAA', 'ATA', 'GAC', 'CCG', 'TAC', 'AAG', 'TGG', 'ATG', 'AGT', 'ACC', 'GTC', 'ACA', 'CGT', 'GTT', 'ATT', 'CGA', 'TCT', 'TCA', 'GAG', 'GGA', 'AAC', 'GGA', 'TTT', 'TGC', 'TAA', 'AAG', 'GTA', 'AAT', 'ATT', 'GGG', 'TTC', 'GAC', 'TGT', 'TTA', 'GGG', 'GGT', 'CAC', 'AAA', 'TTG', 'GTG', 'AAC', 'TCT']"
N,"['CTT', 'TAG', 'ACG', 'CCG', 'CCG', 'GGC', 'CAG', 'AAG', 'TGC', 'CAA', 'TTG', 'ACT', 'ATG', 'AAA', 'AGG', 'CTG', 'GAT', 'CTT', 'ATA', 'ACC', 'GCA', 'AGT', 'GAC', 'ATT', 'CAG', 'GGA', 'GGC', 'GTC', 'GTC', 'CTC', 'GAG', 'GAT', 'GGT', 'ATT', 'CTT', 'CGG', 'GCA', 'CAA', 'GCT', 'CCT', 'GAA', 'GTG', 'TTC', 'ACT', 'AGA', 'GAC', 'AAA', 'GCT', 'GTA', 'CCT', 'CTT', 'TTC', 'CTT', 'GGA', 'GGC', 'ACT', 'CTC', 'GGA', 'GGT', 'CGA', 'GCT', 'GCG', 'GCC', 'CCA', 'GTG', 'GGG', 'AGT', 'ATG', 'AAG', 'TCT', 'AGA', 'GGG', 'ACT', 'TGA', 'CCA', 'CTG', 'TGT', 'AGA', 'GCT', 'CTG', 'GCT', 'TGC', 'TCC', 'AAC', 'ACA', 'CAA', 'GGA', 'TAA', 'ACA', 'ACA', 'ACA', 'CTG', 'GAC', 'CCA', 'TGG', 'GTG', 'GGC', 'AGC', 'GCG', 'TCT', 'AAG', 'CTG', 'ACG', 'CTG', 'GCC', 'CGG', 'TCT', 'CGG', 'GAT', 'ACT', 'ACA', 'CGT', 'GAA', 'TCA', 'CTG', 'GCA', 'ATG', 'GAG', 'CTG', 'CAG', 'ACC', 'CGT', 'CAT', 'GTA', 'ATG', 'ATG', 'ACC', 'GCC', 'TGA', 'AGC', 'CGC', 'GTT', 'TAA', 'AAC', 'CCC', 'GAA', 'CGT', 'GTG', 'TCC', 'ATT', 'CAA', 'AGG', 'GGA', 'GTG']","['AAG', 'AAG', 'AGT', 'TCG', 'GGC', 'CGA', 'ATG', 'AGA', 'TTG', 'GGG', 'GGT', 'ACA', 'TGA', 'AAG', 'AGA', 'TGA', 'TAC', 'TGG', 'CAA', 'ACT', 'CTT', 'ATT', 'GTA', 'TGA', 'GTT', 'TGC', 'CCA', 'ATA', 'AAC', 'AGG', 'TGG', 'GTT', 'CAC', 'TTT', 'ACC', 'AAT', 'ATA', 'CAA', 'AGG', 'TAC', 'TGG', 'TGA', 'CGG', 'AAG', 'TTA', 'TGA', 'GTC', 'GTT', 'TGA', 'ATT', 'TTC', 'AGA', 'CAA', 'AGG', 'GTC', 'CGA', 'GAT', 'TCA', 'TTT', 'ATG', 'ATT', 'GAA', 'CAA', 'AAA', 'AAA', 'GTC', 'GAA', 'TCC', 'AGC', 'CAA', 'ACA', 'GTA', 'ATG', 'TTT', 'ATA', 'AAA', 'CTT', 'TAG', 'ATG', 'TCC', 'CCC', 'GTG', 'TCC', 'CCA', 'AAT', 'GAT', 'CAC', 'TCA', 'GCT', 'CAC', 'CCG', 'GTC', 'TAA', 'AGA', 'GTA', 'AGA', 'AGA', 'TAG', 'CTA', 'TGC', 'TGC', 'GAT', 'ACC', 'GTG', 'ATT', 'ACA', 'GAC', 'TTC', 'AAA', 'TGA', 'CCA', 'TAT', 'CTC', 'CTC', 'CTG', 'CTT', 'TAT', 'AAA', 'ATC', 'CTT', 'AGC', 'TGT', 'TAG', 'GGA', 'ATG', 'TCA', 'TAC', 'AAA', 'CAG', 'GTT', 'ACT', 'ACA', 'TAG']"
I,"['TTC', 'GAT', 'TGT', 'GCA', 'AGG', 'GGA', 'GGC', 'GAG', 'GGC', 'CCG', 'GCG', 'GAA', 'AGC', 'ACC', 'GCG', 'CGG', 'CCC', 'GTC', 'CGG', 'CGG', 'GTA', 'GGA', 'CAA', 'GCA', 'AAC', 'GGG', 'ACA', 'GTG', 'GTG', 'AGG', 'GAA', 'AAA', 'ACA', 'CAT', 'CAT', 'GGA', 'TCG', 'ACC', 'ATA', 'AAA', 'ATT', 'GAA', 'AAG', 'TGG', 'GCT', 'GAG', 'ACA', 'CAC', 'ACT', 'TGA', 'ACA', 'TCC', 'TGG', 'CGG', 'CGG', 'CGA', 'GGA', 'AGG', 'ACT', 'CCT', 'CCT', 'ATA', 'GAC', 'GTA', 'TCT', 'GTC', 'GGT', 'TCC', 'TCT', 'AGA', 'ATG', 'GAG', 'AAG', 'AGT', 'TGG', 'CAG', 'AAG', 'AAA', 'AAC', 'GTG', 'GTT', 'GGG', 'TAT', 'CAC', 'GGT', 'TGC', 'ATC', 'TGG', 'TGA', 'ATG', 'CCA', 'TGG', 'TGC', 'AGG', 'CGG', 'CTC', 'TGT', 'CTG', 'TAT', 'GCG', 'GAA', 'AGA', 'CGT', 'TTT', 'CTT', 'TCC', 'AAA', 'GGG', 'CGC', 'CCT', 'CCT', 'CCC', 'AAC', 'CCC', 'GGT', 'CCT', 'CGC', 'CTC', 'CAT', 'CCT', 'CTC', 'GAC', 'AGA', 'AGA', 'TGA', 'GTG', 'ATA', 'GAC', 'GAG', 'GAT', 'GAG', 'AGC', 'GAC', 'TGG', 'TGC', 'AGA', 'GTG', 'GGC', 'GAA', 'CAA', 'CCT', 'TTT', 'CGT', 'TGG', 'CTT', 'GAA', 'ACA', 'AGT', 'TTT', 'CAA', 'AGG', 'GAT', 'TCC', 'CAA', 'AAG', 'GCA', 'GCG', 'GGT', 'AAC', 'CTG', 'GAT', 'AGA', 'GTA', 'TGC', 'AGC', 'ACT', 'TGC', 'TTC', 'CAT', 'ACG', 'GGC', 'TGC', 'CCG', 'GCC', 'CAC', 'AAC', 'ATC', 'ACA', 'AAT', 'GGC', 'ATG', 'TCA', 'GAA', 'AAG', 'AGC', 'CCA', 'GCT', 'GCC', 'CTT', 'GCA', 'CTG', 'CCT', 'GCC', 'GTA', 'AAC', 'ACC', 'TTC', 'GAG', 'TTC', 'TCC', 'GGA', 'TTA', 'TTG', 'AGC', 'CCG', 'TCC', 'CCA', 'CTT', 'CGA', 'ACG', 'TCT', 'CTG', 'GCG', 'CTG', 'ACA', 'AAC', 'TCC', 'AGG']","['GGT', 'AGG', 'TCT', 'GTA', 'CCA', 'GCG', 'CTA', 'AGA', 'AGC', 'TGC', 'CCC', 'AGC', 'CAG', 'ATA', 'TCT', 'ATC', 'CCT', 'CAG', 'GTC', 'GTC', 'GAT', 'ATC', 'CAT', 'GCC', 'GAT', 'AAG', 'AAG', 'GTT', 'GTT', 'CGG', 'CCG', 'GGT', 'TCA', 'GTG', 'TAT', 'GAC', 'CCA', 'ATC', 'TCG', 'GAA', 'GTA', 'CGC', 'TTT', 'AGG', 'GAG', 'TGT', 'GGA', 'ACC', 'AAG', 'TGA', 'TTC', 'ATT', 'TGG', 'ATT', 'AGA', 'CTG', 'AAA', 'CAA', 'CCT', 'TTG', 'ATA', 'GAA', 'TTA', 'TTT', 'AGT', 'CCA', 'TAC', 'GAA', 'TTA', 'TGA', 'TGC', 'CCA', 'CGT', 'AGA', 'TAG', 'TCT', 'GGT', 'GTA', 'GTG', 'TGA', 'GTA', 'GAA', 'ATT', 'CGG', 'TCT', 'GAC', 'ATT', 'TCC', 'AAA', 'GGA', 'TCT', 'GCT', 'AGA', 'CTG', 'ACA', 'AAT', 'TTC', 'GCT', 'TTT', 'ACT', 'TTC', 'ACC', 'ATC', 'ACT', 'GTA', 'TCC', 'CTT', 'AGC', 'GGC', 'CAA', 'AAA', 'GAG', 'AGG', 'TTG', 'TCA', 'GAG', 'GGT', 'ATA', 'TAT', 'CAT', 'GCC', 'GTG', 'CAC', 'GCT', 'ATA', 'CAA', 'AAA', 'GCT', 'TTT', 'TGT', 'ATG', 'GAA', 'CAG', 'CGT', 'TGG', 'TTA', 'AAG', 'AGA', 'GAG', 'GAT', 'GGA', 'GAA', 'AGT', 'GTA', 'GGA', 'GAG', 'TTT', 'AAA', 'GGG', 'TTC', 'GTT', 'TTT', 'CAA', 'ATG', 'GAG', 'TTT', 'AGA', 'GTG', 'TAT', 'TGA', 'AGA', 'TTA', 'GAT', 'TCC', 'CGT', 'GTT', 'ATT', 'GTT', 'TGA', 'ATC', 'TCA', 'GAA', 'AAT', 'ATC', 'AGT', 'GTC', 'ATA', 'CAT', 'TGA', 'AAC', 'ACT', 'ATT', 'CGG', 'ATA', 'TAG', 'AGG', 'TTC', 'CAG', 'CAG', 'TTA', 'AAC', 'CCG', 'ACC', 'AAT', 'TTG', 'CCA', 'ATG', 'TCG', 'ATG', 'AAT', 'TCC', 'ATT', 'CCT', 'GAC', 'GTA', 'GAT', 'ACC', 'CCT', 'TCA', 'GAC', 'GGT', 'GGT', 'AAT', 'ATT', 'CTG', 'GTA', 'CGT']"
Q,"['TCG', 'AAA', 'AGA', 'GTA', 'AGG', 'GCA', 'CTA', 'CGG', 'AAG', 'GCC', 'CGT', 'CTT', 'GGC', 'CAG', 'TCA', 'GAT', 'TCT', 'CGT', 'TAC', 'CTA', 'TCG', 'TGA', 'GGA', 'GAC', 'TTG', 'GCA', 'GAC', 'CGC', 'ATG', 'CCA', 'CGG', 'CGC', 'CAC', 'ACA', 'ATG', 'TAG', 'TCA', 'GAA', 'GAA', 'ATA', 'TCC', 'ACA', 'TCA', 'GAA', 'GTT', 'GCC', 'TAT', 'AAT', 'TGT', 'TCT', 'GTC', 'TCA', 'AGA', 'GGC', 'GAG', 'CTG', 'CTC', 'TTT', 'TGA', 'AGA', 'CCT', 'GCT', 'TCG', 'AGG', 'CCG', 'GCA', 'GAG', 'TGC', 'CAC', 'GGC', 'GCT', 'TCC', 'GAC', 'TGG', 'CCA', 'CTG', 'CCC', 'TGA', 'AAG', 'GTG', 'AAG', 'GAA', 'CTT', 'GCT', 'GAC', 'TAT', 'GCT', 'CTA', 'CGA', 'CAA', 'GTT', 'CCT', 'AGG', 'TGT', 'CTG', 'GAA', 'AGA', 'CGC', 'GAG', 'TGT', 'TGT', 'GCC', 'TTG', 'TCA', 'CGG', 'CCA', 'GTC', 'AGG', 'GTT', 'GCG', 'ATG', 'ATT', 'ACT', 'ATC', 'GTT', 'AAG', 'GAG', 'ACC', 'GTA']","['GGT', 'AAG', 'CAG', 'CAG', 'AGC', 'TAA', 'CCA', 'CCG', 'TCT', 'AGA', 'GTG', 'ATA', 'ACA', 'GAG', 'GGA', 'AGG', 'TAC', 'AAG', 'AAA', 'TCA', 'AGA', 'CTG', 'GGG', 'TGT', 'GGA', 'GTG', 'GAA', 'GAA', 'ATT', 'GAG', 'CAA', 'TTG', 'AGA', 'AGA', 'CAT', 'CAA', 'TAA', 'AAA', 'GGT', 'CAA', 'TAA', 'TGT', 'CTT', 'ATC', 'GTA', 'TAG', 'TTC', 'AGA', 'CAC', 'CTG', 'GAT', 'AAC', 'GTT', 'TTA', 'TAA', 'AGT', 'TGT', 'GTC', 'AAT', 'CAG', 'GTA', 'AAA', 'AAC', 'GGA', 'GTA', 'ACA', 'CTA', 'TAA', 'TTG', 'GGA', 'CCA', 'CGG', 'ATC', 'AAG', 'GGA', 'TCC', 'GAA', 'AAA', 'AAG', 'AAA', 'GAG', 'ATT', 'GTT', 'CTG', 'CAC', 'TTA', 'AAT', 'ATC', 'AAA', 'CAG', 'AGG', 'GTG', 'TTT', 'CTG', 'CTA', 'GAA', 'CCC', 'CAG', 'CTT', 'GGA', 'CAA', 'AAA', 'ACG', 'TCG', 'GTA', 'TAC', 'AAA', 'TTC', 'GTA', 'AAC', 'GTG', 'GTA', 'AGA', 'GGT', 'CAA']"
T,"['ATC', 'GGT', 'GGG', 'GAG', 'CAA', 'AGC', 'GTG', 'TGA', 'GAC', 'CAT', 'CTA', 'TGC', 'ACC', 'CCC', 'CAA', 'CAC', 'TGA', 'CAG', 'GCG', 'GCC', 'GGC', 'CGG', 'GGG', 'GCT', 'GAA', 'ATC', 'TCG', 'GCC', 'CCA', 'CAG', 'CGT', 'GGA', 'CAT', 'AAC', 'GAC', 'CAC', 'ACT', 'CTG', 'GTG', 'CCA', 'TTT', 'GGC', 'AAG', 'AGT', 'TCT', 'TGG', 'GCG', 'GTG', 'CAT', 'ATC', 'TCT', 'CAG', 'ACA', 'TGA', 'ATG', 'GAC', 'GGG', 'GGA', 'CTA', 'CGT', 'GTG', 'TCG', 'AGC', 'CGC', 'CAG', 'GTC', 'AGA', 'GTG', 'AAG', 'AGT', 'GTT', 'GAC', 'TCA', 'AGA', 'CGT', 'TGA', 'ACT', 'GGG', 'GGT', 'ACA', 'ACT', 'CCT', 'TCA', 'ATG', 'ACC', 'AAG', 'GAA', 'GGA', 'GTG', 'TGA', 'AAG', 'CAT', 'TTG', 'AGC', 'AGA', 'CGG', 'GGC', 'CAA', 'TGC', 'AAC', 'TTA', 'CAA', 'CTT', 'TCC', 'TTT', 'CTG', 'GAG', 'GTT', 'CTG', 'CCG', 'CTG', 'CAG', 'CCG', 'ACT', 'CTG', 'GAG', 'ACC', 'GAG', 'GGG', 'CCG', 'TGA', 'GGG', 'GCC', 'GCT', 'GAA', 'GCC', 'AAC', 'AGC', 'ACG', 'TGG', 'GAC', 'TCT', 'CTT', 'TTC', 'TTG', 'AGC', 'TAC', 'CGA', 'AAA', 'ACA', 'TAT', 'TGG', 'AGG', 'ACC', 'AAA', 'CCG', 'GAT', 'AGT', 'TTG', 'TGC', 'TGG', 'CCC', 'AGT', 'GAT', 'GCC', 'CCC', 'GCT', 'CTC', 'CTG', 'GAC', 'GAC', 'GCG', 'GCC', 'GGA', 'GCT', 'TGT', 'AAT', 'ATG', 'CTG', 'CCT', 'TCA', 'TGA', 'GGT', 'AAG', 'AAA', 'CCG', 'TCA', 'CTC', 'GAC', 'CCC', 'TTG', 'TGA', 'GAA', 'CGC', 'GGA', 'CCA', 'CCA', 'CCA', 'CAT', 'CGA', 'ATG', 'TCG', 'GAC', 'GTT', 'CCC', 'CCC', 'ACC', 'CCT', 'ACC', 'ATA', 'GGA', 'CAC', 'GTG', 'GGG', 'GGA', 'GTT', 'TCA', 'CGG', 'GCA', 'ACT', 'ACA', 'GTC', 'GCA', 'GGG', 'GTC', 'GGT', 'ACC', 'CTT', 'TCT', 'TTA', 'GAC', 'CCG', 'ATG', 'CAG', 'CTT', 'TTT', 'GGG', 'GAT', 'AGA', 'AAC', 'CTT', 'CTG', 'CCA', 'AGT', 'GGA', 'GAC', 'CGA', 'GAG', 'TCC', 'GCT', 'GGC', 'ATG', 'GTT', 'CTC', 'CGA', 'CCG', 'CGG', 'TCC', 'CGG', 'CGG', 'TGG', 'TGG', 'ACC']","['CTA', 'AGA', 'ATA', 'CCA', 'AAG', 'CCA', 'GCC', 'AGA', 'AAA', 'CAC', 'GCC', 'AAT', 'AAA', 'TAA', 'ACA', 'TTG', 'CTT', 'CCG', 'CGG', 'CTG', 'ATC', 'TCC', 'TGC', 'GCG', 'ATT', 'TTA', 'TAA', 'TCG', 'CGG', 'ATT', 'AAG', 'ACA', 'AAG', 'GAA', 'GAA', 'TGG', 'AGT', 'AAA', 'AAG', 'TAT', 'TGC', 'CGA', 'GTT', 'TAT', 'CCA', 'ACA', 'CAG', 'TGA', 'TGA', 'GGT', 'TTG', 'TTG', 'CAT', 'GTT', 'AAT', 'ATA', 'GTC', 'TCA', 'TGG', 'AAT', 'AAT', 'AAG', 'GAG', 'TTT', 'ATC', 'TAT', 'TGT', 'GTC', 'GAC', 'CGT', 'GGA', 'GTG', 'CTG', 'TAG', 'TTT', 'GGT', 'GTA', 'ACC', 'ACT', 'GAA', 'GAA', 'TTC', 'TCA', 'ACA', 'TCC', 'TTT', 'GGT', 'CTT', 'ATG', 'TTA', 'ACC', 'CGA', 'CCA', 'TAC', 'CAG', 'GTA', 'AAG', 'GAG', 'ACC', 'GAG', 'GAA', 'TGG', 'AAA', 'GGT', 'TAG', 'ATC', 'AAC', 'ATG', 'TCA', 'AAC', 'TTG', 'AAG', 'ACA', 'GCT', 'TCT', 'AAT', 'ACA', 'ATG', 'ACT', 'GTT', 'AGG', 'TTG', 'AAT', 'GAT', 'CTA', 'TAA', 'CTT', 'AAG', 'TTG', 'TTT', 'CGA', 'TTT', 'TTT', 'GAA', 'ATT', 'ACA', 'TTT', 'TAA', 'TGG', 'AAC', 'ACT', 'ACA', 'CAT', 'ATT', 'ACT', 'TAT', 'TCT', 'CGT', 'CGT', 'ATT', 'AGC', 'TTT', 'GGA', 'ATT', 'AGA', 'TGT', 'CAA', 'ACT', 'ACA', 'CAC', 'TAT', 'TCT', 'AAT', 'CGT', 'AGT', 'TGA', 'TCA', 'TTG', 'TAT', 'GAT', 'TTT', 'ATT', 'GAG', 'AGT', 'AAG', 'TTA', 'ATT', 'AGA', 'GCC', 'TGA', 'GTT', 'ATT', 'TTC', 'ATT', 'ATC', 'TAA', 'AAA', 'GTA', 'TAT', 'CAA', 'CTT', 'TGG', 'CGT', 'TGA', 'AAG', 'ACA', 'TAG', 'TGA', 'GTT', 'ATA', 'TTA', 'GTT', 'ATT', 'TGG', 'ATT', 'CAC', 'AAT', 'AAG', 'AAC', 'CTT', 'CAG', 'AGG', 'TTG', 'ATT', 'TCA', 'CGC', 'GTG', 'TAA', 'GCT', 'GTC']"
P,"['CAT', 'CCC', 'ACT', 'CAA', 'CGA', 'AAG', 'AGA', 'GGT', 'GTG', 'CTG', 'GCC', 'CCT', 'CGG', 'CGG', 'GCC', 'CCG', 'CCC', 'GGC', 'GAA', 'AGG', 'CTG', 'TAC', 'TGT', 'GGC', 'GCA', 'AAT', 'GAA', 'TGA', 'TGG', 'GGT', 'GTC', 'TTG', 'ATA', 'ACT', 'GTG', 'ATC', 'TGA', 'GAG', 'TGA', 'GAT', 'GAG', 'TCA', 'GAC', 'ATT', 'GTT', 'GTG', 'TGT', 'AGA', 'GGA', 'AGA', 'AAG', 'TGC', 'CAA', 'GCA', 'ACC', 'GCT', 'AAC', 'CCT', 'GCC', 'TCA', 'ACA', 'GTC', 'GTG', 'AAG', 'TGG', 'GTA', 'GAA', 'AAA', 'TCC', 'AGT', 'TTT', 'CCG', 'CGG', 'TCT', 'CGA', 'GGG', 'CAA', 'CTC', 'CTC', 'GTC', 'AAG', 'AGG', 'GAG', 'ATA', 'ATC', 'GAA', 'AAG', 'GAG', 'GAC', 'GGC', 'CCG', 'GGG', 'CTC', 'AGG', 'TTT', 'TCC', 'TTT', 'GAA', 'TCC', 'GCC', 'CTT', 'CCC', 'CAC', 'ACC', 'CCC', 'GGT', 'CTG', 'TAG', 'TTT', 'TGC', 'CAG', 'CGC', 'CCC', 'GCA', 'ATG', 'CCA', 'AGT', 'TGA', 'TGA', 'CAA', 'CCC', 'AGA', 'ACC', 'CCG', 'GCA', 'AGG', 'GCG', 'TGC', 'CAT', 'CAG', 'GTC', 'CTG', 'AAG', 'CCC', 'CGG', 'ACG', 'GTG', 'TCC', 'CTG', 'CGG', 'AAT', 'AAG', 'AGG', 'CTC', 'TTT', 'CTA', 'AGA', 'GTG', 'GCG', 'GGC', 'GGG', 'CCG', 'GAG', 'GAC', 'TTG', 'CGA', 'GGC', 'CCC', 'TAC', 'ATC', 'GAC', 'CCC', 'CCT', 'TCC', 'ACC', 'TGG', 'CCC', 'CAT', 'ACA', 'GAC', 'TTT', 'TGC', 'GGA', 'GAT', 'TTG', 'TCA', 'CCC', 'CCC', 'AAC', 'TTG', 'ACA', 'ACT', 'TCA', 'AAC', 'TAG', 'GCG', 'CAG', 'GGG', 'AAC', 'GCC', 'AGT', 'CCC', 'AGG', 'GCC', 'AAG', 'ACA', 'TCA', 'CCG', 'AGA', 'AAT', 'GGT', 'ATC', 'GCA', 'TGA', 'CTT', 'CGT', 'TTC', 'ACC', 'CCA', 'GCC', 'CAG', 'GAC', 'CTT', 'ACC', 'TGC', 'GAC', 'CGG', 'TAT', 'AAG', 'TGG', 'AAC', 'GCA', 'CAT', 'TGT', 'GAT', 'GGG', 'ACA', 'TGT', 'TAT', 'TTC', 'AAC', 'GGC', 'AGC', 'AAC', 'TCT', 'CAC', 'AAA', 'TGT', 'CCA', 'GAT', 'GGG', 'CAT', 'CGG', 'TCC', 'GCA', 'TCT', 'CCC', 'TGG', 'TCT', 'CCT', 'TTC', 'CTT', 'GAA', 'CTT', 'AGT', 'TGA', 'CAA', 'TCC', 'GTA', 'AAT', 'GCA', 'ACT', 'TTG', 'CGG', 'GGA', 'GAG', 'ATG', 'ACT', 'TGC', 'CCT', 'GCC', 'CAG', 'TCT', 'TGG', 'AGA', 'GCG', 'AGC', 'ATC', 'CAG', 'AGC', 'TGG', 'GGT', 'CCT', 'TCG', 'CGG', 'CCA', 'TCG', 'GAG', 'TCG', 'TAC', 'CAA', 'AAA', 'AGT', 'ACC', 'ACC', 'CCT', 'CGC', 'CCC', 'CGA', 'CCG', 'TTC', 'GGA', 'CTG', 'TCT']","['AGG', 'AAA', 'TCC', 'TGG', 'AGG', 'TCT', 'TAT', 'ATT', 'AAG', 'TAG', 'AAG', 'ACT', 'CAT', 'GTT', 'TTC', 'CAG', 'TCA', 'TGG', 'GAC', 'CTG', 'CCA', 'TTT', 'TGG', 'CAA', 'TTA', 'AAG', 'AGG', 'AGT', 'TCG', 'AAC', 'CCA', 'TAC', 'ATG', 'GGT', 'ACA', 'TGT', 'GTG', 'TGC', 'TGT', 'ATG', 'AAC', 'ACG', 'GGC', 'GCT', 'GTT', 'AAG', 'TCG', 'TTC', 'AAC', 'TTT', 'GAA', 'CCC', 'ACG', 'CAA', 'GCC', 'GAA', 'CAA', 'CAT', 'ATT', 'TGA', 'TTC', 'AAT', 'TTG', 'TTC', 'CTG', 'CTA', 'TAA', 'TTT', 'GCT', 'ACA', 'GGT', 'TTA', 'GAT', 'TTT', 'CAG', 'GAG', 'CAA', 'TGC', 'CAG', 'TCG', 'AGT', 'TCA', 'TGG', 'TAA', 'TTA', 'AGT', 'TCC', 'TTT', 'TTG', 'TGG', 'GGT', 'GTC', 'ACA', 'TAT', 'GTG', 'TAT', 'TGA', 'AGA', 'TAG', 'ATC', 'AAA', 'AGG', 'CTG', 'ACA', 'AAG', 'TCA', 'GGG', 'ACA', 'CCT', 'AAT', 'GGA', 'AGA', 'ATA', 'GCC', 'CAC', 'GAT', 'AGT', 'TAT', 'ACG', 'TAA', 'AAC', 'AAA', 'ATG', 'GGC', 'CCG', 'TGC', 'TCT', 'TTG', 'CCA', 'AAG', 'AAC', 'GAT', 'TCG', 'GAC', 'ATG', 'AAG', 'AAG', 'GTT', 'TCA', 'TCC', 'GTT', 'AAT', 'CGA', 'TTC', 'GGC', 'CCT', 'AAT', 'TGT', 'CCA', 'AAT', 'CTA', 'CAA', 'ACC', 'TGT', 'ATG', 'GTA', 'TTG', 'TCA', 'AGA', 'ACT', 'TTG', 'GTG', 'GTA', 'TCG', 'TAA', 'CTG', 'ACA', 'TAA', 'GAG', 'TAC', 'ATT', 'ATA', 'GAA', 'TTG', 'ATC', 'AGT', 'TTT', 'AAT', 'ATG', 'TTT', 'ATT', 'GGT', 'TCC', 'GAT', 'TGG', 'ATG', 'GTG', 'TAT', 'TCC', 'ACA', 'CCT', 'CAA', 'TTA', 'CAA', 'GCC', 'AAA', 'CCT', 'TGT', 'GGT', 'CGG', 'TAT', 'ATT', 'AGG', 'TAG', 'GAG', 'GCT', 'CAT', 'GTT', 'TTC', 'CTG', 'TCA', 'TGG', 'GTC', 'CTT', 'TCA', 'TAC', 'ATG', 'TGC', 'CAT', 'CAA', 'GGT']"
Y,"['GGT', 'GGA', 'ATC', 'GCT', 'GTC', 'AAG', 'GCG', 'CTC', 'CCG', 'TCC', 'AAG', 'GTG', 'TGC', 'CAC', 'AAG', 'ATC', 'TCA', 'TCT', 'CAT', 'ACA', 'CAT', 'AAA', 'AAG', 'TAT', 'GGT', 'GCG', 'GGG', 'ACC', 'TAC', 'CCC', 'GGA', 'AAG', 'AGG', 'GGA', 'AGG', 'TGG', 'ATT', 'ACC', 'AAT', 'GGA', 'GTC', 'GAA', 'CCT', 'AGA', 'AGG', 'AAA', 'CTG', 'CGG', 'CTC', 'GCC', 'CCC', 'GCG', 'GAA', 'ATG', 'CCA', 'GGC', 'GGT', 'AAC', 'AGC', 'ATG', 'TGC', 'AGA', 'CGG', 'GAC', 'GCA', 'CGT', 'GTG', 'TGC', 'GCA', 'TGC', 'CAT', 'GTC', 'TGG', 'CTC', 'CAG', 'ATG', 'CAC', 'CAT', 'AGA', 'AGA', 'GTG', 'GGG', 'CAG', 'TAC', 'GCG', 'GTA', 'ATC', 'ACA', 'TGA', 'ATT', 'TGC', 'CCA', 'AAG', 'GTG', 'TCA', 'CAG', 'GCT', 'GGT', 'CGG', 'TGT', 'TGG', 'ATT', 'TCT', 'CCG', 'CCA', 'TGC', 'AAT', 'ATG', 'GGC', 'GGT', 'ATT', 'CAT', 'TAC', 'CGC', 'ATC', 'TGT', 'ACT', 'ACA', 'AGA', 'GAC', 'ATG', 'GAA', 'CAC', 'CAC', 'TCT', 'ACG', 'AGA', 'GGA', 'GCC', 'AGA', 'ATA', 'GAA', 'TTC', 'CGA', 'TAC', 'CTC', 'TCA', 'CTG']","['CGT', 'GAT', 'TTA', 'AGC', 'TAA', 'GGT', 'TAA', 'AGA', 'TCA', 'TCC', 'ATT', 'ATA', 'GTG', 'TTG', 'GTA', 'TAC', 'GAC', 'GTA', 'GTA', 'GGT', 'TGG', 'GCC', 'GAA', 'TCA', 'CGT', 'ACA', 'AAG', 'AAG', 'TCA', 'ATT', 'CCT', 'TGT', 'GAA', 'AGA', 'CCT', 'ACG', 'GTT', 'TGA', 'TGC', 'ACT', 'CTC', 'TAC', 'AGG', 'AGT', 'CTA', 'TCA', 'TTG', 'GAC', 'AAA', 'AGA', 'CAG', 'GTT', 'TAA', 'TAT', 'TAG', 'TCC', 'GAA', 'TGT', 'ACC', 'GGA', 'TTT', 'ATA', 'TAG', 'GTG', 'AAC', 'TAT', 'TGC', 'CAA', 'CAT', 'GAT', 'GAC', 'TCC', 'TAT', 'GCT', 'TGC', 'AAC', 'CTT', 'GGG', 'GTT', 'ATA', 'GTG', 'ATT', 'AAC', 'ATT', 'GAT', 'TTA', 'ACT', 'CAA', 'TGA', 'GCT', 'TGG', 'CAG', 'GGA', 'GTT', 'CGA', 'TGC', 'ATC', 'CCA', 'TTT', 'TCC', 'TAA', 'AGA', 'TCA', 'ACC', 'ACT', 'CTA', 'GCG', 'GAA', 'AGA']"
E,"['GTG', 'TGG', 'TTA', 'AGG', 'CGG', 'CCC', 'TGG', 'AGA', 'GCG', 'GCC', 'GCT', 'TGC', 'ACA', 'TGG', 'GCA', 'TTT', 'TGA', 'AAA', 'ACT', 'ACC', 'GGG', 'GAA', 'TCA', 'AGT', 'TCC', 'TGG', 'TGG', 'CAA', 'AAA', 'GAA', 'CTG', 'ATG', 'CGT', 'CTC', 'TGT', 'GAA', 'TTT', 'TGC', 'CAG', 'GGA', 'GCT', 'CTG', 'GAG', 'GCG', 'CCG', 'CCG', 'CGG', 'GGA', 'GGC', 'CCC', 'CAA', 'AAG', 'ATC', 'CAG', 'AGG', 'TGT', 'ACC', 'CCT', 'AGA', 'TTC', 'AGT', 'GGC', 'GTA', 'CAG', 'AGG', 'GGT', 'GAT', 'GGA', 'CTT', 'ATT', 'TTG', 'CCT', 'GTA', 'AAG', 'TCC', 'GTC', 'ACC', 'TCC', 'GGT', 'GTG', 'GGA', 'AGA', 'AAA', 'AGG', 'CCT', 'TGC', 'CGG', 'GAA', 'GCG', 'GCT', 'GAC', 'ACC', 'GTT', 'CTT', 'TTC', 'TCC', 'TTT', 'TTT', 'TTC', 'TTT', 'TCC', 'GTA', 'GAA', 'GAA', 'CCT', 'TCG', 'TAT', 'ATT', 'CGC', 'TTC', 'GAG', 'CGG', 'GAG', 'GCG', 'CCT', 'ACG', 'CAC', 'TGT', 'GGA', 'GGT', 'GGC', 'AAG', 'CTT', 'CAA', 'ATG', 'ACA', 'ACA', 'TTC', 'GTT', 'TTG', 'TGT', 'TGT', 'CTG', 'TAA', 'AGT', 'GGC', 'CAC', 'GAC', 'AGG', 'ATA', 'GGG', 'GTG', 'AAC', 'AAC', 'AGG', 'CAA', 'GGG', 'TGG', 'GGC', 'CGG', 'GTA', 'CAG', 'CCC', 'CGT', 'AAT', 'GAA', 'GCG', 'CGA', 'CAT', 'CTT', 'TCA', 'CAG', 'GTT', 'GCA', 'AGT', 'GTG', 'TGT', 'TGT', 'CAG', 'CCA', 'CTC', 'CAA', 'AGA', 'GCT', 'GGC', 'GCG', 'CGC', 'GCA', 'GCG', 'TGT', 'CTC', 'CTC', 'TTC', 'ATG', 'TGG', 'TGC', 'TTG', 'GTG', 'GCC', 'GCA', 'CAA', 'GGC', 'GTG', 'AAC', 'ACT', 'GGC', 'GAC', 'AAT', 'CAT', 'ATG', 'CTA', 'CCC', 'CAC', 'GGT', 'TCC', 'GAC', 'GCC', 'ATA']","['GTC', 'TCA', 'ATT', 'TAA', 'AAG', 'ATT', 'CTG', 'CTA', 'CCG', 'GTT', 'GTA', 'TCT', 'ACG', 'TGC', 'TAT', 'CGG', 'GGT', 'GGT', 'CAT', 'TGT', 'CGA', 'CAC', 'CTA', 'GAT', 'AGT', 'TTC', 'AGC', 'CAA', 'ACG', 'TTG', 'AGA', 'CAC', 'CTA', 'TTT', 'GAA', 'TTA', 'AGA', 'TTT', 'ATC', 'AAG', 'CTT', 'AGC', 'CGG', 'AGG', 'TTT', 'TTG', 'TGA', 'TTG', 'AGG', 'AGC', 'ACA', 'GCC', 'CTA', 'AGT', 'GTG', 'GGT', 'GGT', 'AAC', 'ACG', 'CCG', 'GAA', 'AAA', 'AGA', 'TGC', 'GCA', 'TGT', 'CTG', 'CAA', 'ACT', 'GTG', 'GTT', 'TTT', 'AAG', 'TGT', 'CCC', 'ATT', 'CAT', 'ATA', 'CTC', 'TTT', 'ATC', 'CAG', 'GAT', 'TAC', 'TAT', 'GAA', 'CCA', 'AGA', 'GAG', 'AAT', 'ATT', 'GTT', 'AAT', 'GAT', 'TCG', 'TAT', 'GCT', 'CTC', 'AGT', 'AAA', 'TGA', 'GAA', 'TTA', 'GAC', 'AAT', 'TTG', 'GTC', 'AAG', 'GTG', 'ACT', 'CTT', 'GAA', 'CCT', 'ATT', 'GCA', 'GTT', 'GGT', 'CCA', 'CAA', 'AAA', 'TAA', 'ATT', 'AGC', 'AAA', 'AAA', 'ATC', 'AGG', 'GGT', 'GTG', 'TAG', 'AAC', 'AAT', 'GCA', 'AGT', 'TTT', 'TCT', 'ATG', 'TGC', 'CTT', 'CCA', 'CGG', 'AGG', 'ACT', 'TGA', 'AAG', 'TAG', 'CAC', 'CGG', 'AGA', 'GAG', 'TCA', 'ATA', 'TGA', 'CAA', 'AAC', 'TCA', 'GTC', 'AAG', 'TAT', 'TGG', 'AAC', 'TGG', 'TTT', 'AAT', 'TAA', 'CCA', 'TCA', 'ACA', 'ACG', 'GCA', 'CAA', 'GAA', 'AAT', 'TGG', 'ACC', 'TCA', 'AGA', 'CGT', 'CAG', 'GTA', 'AAA', 'AAA', 'GGT', 'TAT', 'TAC', 'AGT', 'GAA', 'GTC', 'CAT', 'TTA', 'AAT', 'GTC', 'CCT', 'CAC', 'TTA', 'TAG', 'ATT', 'AAT', 'TCC', 'TCT', 'GAC', 'ACG', 'GAA', 'GAA', 'ATC', 'TCA', 'ACA', 'TGT', 'CAA', 'AAA', 'AAT', 'TCT', 'TCC', 'TTC', 'TAC', 'TGG', 'TGA', 'AAA', 'CAT', 'GGT']"
F,"['GTT', 'TGC', 'AGC', 'ACC', 'GCG', 'GGC', 'CGG', 'GCA', 'CAG', 'CCG', 'GGG', 'CCG', 'AAA', 'AAA', 'CTC', 'TCA', 'GTC', 'GAG', 'GGA', 'ATT', 'AGC', 'CCA', 'TAC', 'CTG', 'GCT', 'GGT', 'CGC', 'GCG', 'GAG', 'AGT', 'CAG', 'CCA', 'GTA', 'GCT', 'CAT', 'ATT', 'GAC', 'TGG', 'TCT', 'TGA', 'CTG', 'TGT', 'CTG', 'TTC', 'TGG', 'CCC', 'CGA', 'GCA', 'GAA', 'TGG', 'GCC', 'TGC', 'GAA', 'CCG', 'TAT', 'ATT', 'TCT', 'GCT', 'TTC', 'CGC', 'TAG', 'TGC', 'GCC', 'GCG', 'GAG', 'CGG', 'CGA', 'GCC', 'CCA', 'GGC', 'ATT', 'TGG', 'TCT', 'AAC', 'AGG', 'GGA', 'CAA', 'CAC', 'ACC', 'CCT', 'CTT', 'ACC', 'GAG', 'ATC', 'CTG', 'GGT', 'ATC', 'TAT', 'CCT', 'GAG', 'TGA', 'AAC', 'GGG', 'TGA', 'GCT', 'GGC', 'TCG', 'GAA', 'TCC', 'CCT', 'AGA', 'GGC', 'AGA', 'CCC', 'CCC', 'TCC', 'CAA', 'ACG', 'CGT', 'GTC', 'CTC', 'ACC', 'GCC', 'GTC', 'TGC', 'TGA']","['AGA', 'CTA', 'AAG', 'CTA', 'AGA', 'TCC', 'TGT', 'TCC', 'CCA', 'TAC', 'ATG', 'GCC', 'TCA', 'TGG', 'TGA', 'GTA', 'GTT', 'TGA', 'GTA', 'GTT', 'TAA', 'CAG', 'TTA', 'TCT', 'GAA', 'GGT', 'AGA', 'TGT', 'TCA', 'GTC', 'AGT', 'GTC', 'ACT', 'GTG', 'TAG', 'AAG', 'CAG', 'ATT', 'GAG', 'CCA', 'CAT', 'GTG', 'GAA', 'TTG', 'TTA', 'CCA', 'AAG', 'CTA', 'AAC', 'TTC', 'GTG', 'CAA', 'TCT', 'AGT', 'ACA', 'TAG', 'AGT', 'TGG', 'GAC', 'CAA', 'TAT', 'ACG', 'ATG', 'AGA', 'ACC', 'AAG', 'ATG', 'CGA', 'TGA', 'TCG', 'ATT', 'AGA', 'AGG', 'GTA', 'TTC', 'GTT', 'CCT', 'GTC', 'TCA', 'GGA', 'ATG', 'ACC', 'GCT', 'AGC', 'GCT', 'CTA', 'TTG', 'TTC', 'TCT', 'AAA', 'CTA', 'TTA', 'TCG', 'TGT', 'GAC', 'CCA', 'GTT', 'ACC', 'GTG', 'AGC', 'CAA', 'TCC', 'TTT', 'GAA', 'GAT', 'AGG', 'AAT', 'CTC', 'TTT', 'ACA', 'TCC', 'CCT', 'TGC', 'ATG', 'GCA', 'ACG', 'CCA', 'GAA']"
M,"['CGC', 'AAG', 'GGG', 'CTT', 'CCC', 'TGG', 'GCG', 'TGC', 'ATG', 'CAC', 'GTG', 'ATG', 'TGA', 'TTG', 'ATT', 'AGT', 'CAG', 'CTC', 'AGA', 'GGA', 'GAA', 'TTG', 'ACC', 'TCC', 'GGG', 'GTC', 'GAT', 'TGG', 'AAA', 'TCA', 'GGA', 'ACA', 'GGT', 'TGG', 'GGG', 'TAA', 'TAC', 'CCC', 'CCG', 'CCC', 'TCC', 'TGA', 'AGC', 'TTT', 'CCT', 'CAT', 'TCG', 'GGA', 'GAG', 'GTC', 'ATC', 'AAT', 'ACG', 'TGG', 'GGG', 'GAG', 'CAT', 'CCA', 'TGC', 'GGG', 'AGG', 'ACC', 'TAG', 'GAG', 'AGA', 'GTG', 'AGG', 'TGA', 'ACT', 'ATC', 'GCG', 'GAG', 'CAG', 'GGC', 'GCA', 'CAC', 'CTC', 'CCC', 'GAA', 'AGG', 'GAG', 'CTG', 'CGG', 'ACC', 'CCC', 'TCT', 'GCC', 'TCA', 'CAC', 'TCT', 'CAG', 'TCC', 'CTT', 'CCA']","['TCT', 'TGA', 'GTT', 'AGA', 'GCT', 'TTC', 'CGC', 'TTG', 'TCC', 'CGA', 'ATT', 'GAG', 'AAT', 'CTG', 'TTT', 'CAG', 'TAC', 'TCA', 'ATT', 'GTT', 'GCT', 'TAA', 'AAG', 'ATT', 'TGG', 'AAA', 'TGG', 'GTA', 'TAC', 'TGG', 'TGT', 'TCC', 'CCC', 'TCA', 'TTC', 'TAG', 'TAA', 'GAA', 'AAC', 'CCA', 'ATT', 'AAT', 'ATA', 'TGC', 'AGC', 'GGT', 'AAT', 'GCC', 'GTG', 'ATA', 'GGG', 'GAT', 'TGG', 'GGG', 'TGA', 'CGT', 'GGC', 'AGA', 'TAC', 'ACA', 'TTC', 'ACG', 'AAG', 'TCT', 'TTT', 'GTA', 'TGG', 'GTG', 'GTG', 'ATT']"
C,"['GGG', 'GCG', 'GGG', 'GAT', 'CAG', 'CAG', 'AGA', 'CTG', 'AAA', 'ATT', 'TGC', 'GGG', 'ACA', 'GAT', 'GAT', 'AAG', 'TGG', 'CGT', 'GGG', 'AGC', 'CGA', 'ACT', 'GCC', 'CCT', 'ATT', 'TTA', 'TTC', 'CCT', 'CCT', 'GAG', 'TTT', 'ATC', 'CTG', 'GTC', 'TGG', 'TCC', 'CCT', 'CAT', 'CGG', 'CCC', 'CAA', 'AGG', 'AAG', 'TTC', 'TTA', 'TGT', 'CCC', 'TCA', 'GTG', 'TAT']","['GCT', 'ATG', 'ATC', 'GTC', 'AAC', 'AGC', 'CTA', 'GGT', 'TCG', 'GCT', 'GAC', 'ACG', 'TCA', 'CCT', 'AAG', 'ATT', 'TAG', 'GAT', 'TTC', 'GCG', 'ATT', 'CTA', 'CAT', 'AAT', 'ATT', 'GAT', 'CTC', 'CTC', 'TAA', 'AAT', 'GAT', 'CAT', 'TTA', 'GCC', 'ATG', 'CTC', 'ACA', 'GTT']"
W,"['GCA', 'ATG', 'CAT', 'GCC', 'GAC', 'GAG', 'GGG', 'AAG', 'ATA', 'TAA', 'TCC', 'GTC', 'GAT', 'GGG', 'GTG', 'GAG', 'AGA', 'GTG', 'CGT', 'TCC', 'CCA', 'GTT', 'CCT', 'GAA', 'CCA', 'ACG', 'ATC']","['AGT', 'TAT', 'GGC', 'AAG', 'TTT', 'TTC', 'CTG', 'GGT', 'TCA', 'TGT', 'AGA', 'ATC', 'CTG', 'ACA', 'TTG', 'AAA', 'CGG', 'TCA', 'CGG', 'GGC', 'TGA', 'GGA', 'ATA', 'AGT', 'TAT', 'GGT', 'AGT', 'TGG']"
